{
	"_meta": {
		"version": 7,
		"info": {
			"name": "Ra",
			"image": "",
			"rules": "",
			"bgg": "https://boardgamegeek.com/boardgame/12/ra",
			"year": "1999",
			"mode": "vs",
			"time": "45",
			"players": "2-5",
			"language": "GB",
			"variant": "",
			"attribution": ""
		}
	},
	"button-end-turn": {
		"type": "button",
		"text": "END TURN",
		"clickRoutine": [
			{
				"func": "TURN",
				"turnCycle": "forward"
			}
		],
		"x": 1010,
		"y": 95,
		"z": 1,
		"id": "button-end-turn",
		"width": 70,
		"height": 70
	},
	"button-setup": {
		"type": "button",
		"text": "SETUP",
		"x": 1520,
		"y": 10,
		"z": 1,
		"id": "button-setup",
		"width": 70,
		"height": 70,
		"findCurrentSeatIDRoutine": [
			{
				"note": "Select all player seats",
				"func": "SELECT",
				"property": "type",
				"value": "seat"
			},
			{
				"note": "Amongst them, select the seat which is the current turn",
				"func": "SELECT",
				"source": "DEFAULT",
				"property": "turn",
				"value": true
			},
			{
				"func": "GET",
				"property": "id",
				"variable": "result"
			}
		],
		"moveToCashHolderRoutine": [
			{
				"func": "SELECT",
				"property": "id",
				"value": "${token}"
			},
			{
				"func": "SET",
				"property": "parent",
				"value": "setup-holder-cash"
			}
		],
		"distributeToPlayerRoutine": [
			{
				"func": "FOREACH",
				"in": "${tokens}",
				"loopRoutine": [
					{
						"func": "CALL",
						"routine": "moveToCashHolderRoutine",
						"arguments": {
							"token": "${value}"
						}
					}
				]
			},
			{
				"func": "CALL",
				"routine": "findCurrentSeatIDRoutine"
			},
			{
				"func": "MOVE",
				"from": "setup-holder-cash",
				"to": "${result}",
				"count": 0
			}
		],
    "setUpRaTrackRoutine": [
      {
        "func": "SELECT",
        "property": "id",
        "value": "holder-ra-10"
      },
      {
        "func": "IF",
        "operand1": "${COUNT}",
        "relation": "==",
        "operand2": 5,
        "thenRoutine": [
          {
            "func": "SET",
            "property": "y",
            "value": 10
          }
        ],
        "elseRoutine": [
          {
            "func": "SET",
            "property": "y",
            "value": -300
          }
        ]
      },
      {
        "func": "SELECT",
        "property": "id",
        "value": "holder-ra-9"
      },
      {
        "func": "IF",
        "operand1": "${COUNT}",
        "relation": ">=",
        "operand2": 4,
        "thenRoutine": [
          {
            "func": "SET",
            "property": "y",
            "value": 10
          }
        ],
        "elseRoutine": [
          {
            "func": "SET",
            "property": "y",
            "value": -300
          }
        ]
      },
      {
        "func": "SELECT",
        "property": "id",
        "value": "holder-ra-8"
      },
      {
        "func": "IF",
        "operand1": "${COUNT}",
        "relation": ">=",
        "operand2": 3,
        "thenRoutine": [
          {
            "func": "SET",
            "property": "y",
            "value": 10
          }
        ],
        "elseRoutine": [
          {
            "func": "SET",
            "property": "y",
            "value": -300
          }
        ]
      },
      {
        "func": "SELECT",
        "property": "id",
        "value": "holder-ra-7"
      },
      {
        "func": "IF",
        "operand1": "${COUNT}",
        "relation": ">=",
        "operand2": 3,
        "thenRoutine": [
          {
            "func": "SET",
            "property": "y",
            "value": 10
          }
        ],
        "elseRoutine": [
          {
            "func": "SET",
            "property": "y",
            "value": -300
          }
        ]
      }
    ],
		"clickRoutine": [
      {
        "note": "Shuffle the tiles",
        "func": "SHUFFLE",
        "holder": "tiles-holder"
      },
			{
				"note": "Select all player seats",
				"func": "SELECT",
				"property": "type",
				"value": "seat"
			},
			{
				"note": "Filter out any empty seats (no player sat in them)",
				"func": "SELECT",
				"mode": "remove",
				"source": "DEFAULT",
				"property": "player",
				"relation": "==",
				"value": ""
			},
			{
				"note": "Count the number of seated players",
				"func": "COUNT",
				"collection": "DEFAULT"
			},
			{
				"note": "Set a random player as the first player",
				"func": "TURN",
				"turnCycle": "random"
			},
			{
				"note": "Set the Ra track length correctly for the number of players",
				"func": "CALL",
        "routine": "setUpRaTrackRoutine"
			},
			{
				"note": "Distribute starting tokens in a 2-player game",
				"func": "IF",
				"operand1": "${COUNT}",
				"relation": "==",
				"operand2": 2,
				"thenRoutine": [
					{
						"func": "CALL",
						"routine": "distributeToPlayerRoutine",
						"arguments": {
							"tokens": [
								"sun-9",
								"sun-6",
								"sun-5",
								"sun-2"
							]
						}
					},
					{
						"func": "TURN",
						"turnCycle": "forward"
					},
					{
						"func": "CALL",
						"routine": "distributeToPlayerRoutine",
						"arguments": {
							"tokens": [
								"sun-8",
								"sun-7",
								"sun-4",
								"sun-3"
							]
						}
					},
					{
						"func": "TURN",
						"turnCycle": "forward"
					}
				]
			},
			{
				"note": "Distribute starting tokens in a 3-player game",
				"func": "IF",
				"operand1": "${COUNT}",
				"relation": "==",
				"operand2": 3,
				"thenRoutine": [
					{
						"func": "CALL",
						"routine": "distributeToPlayerRoutine",
						"arguments": {
							"tokens": [
								"sun-13",
								"sun-8",
								"sun-5",
								"sun-2"
							]
						}
					},
					{
						"func": "TURN",
						"turnCycle": "forward"
					},
					{
						"func": "CALL",
						"routine": "distributeToPlayerRoutine",
						"arguments": {
							"tokens": [
								"sun-12",
								"sun-9",
								"sun-6",
								"sun-3"
							]
						}
					},
					{
						"func": "TURN",
						"turnCycle": "forward"
					},
					{
						"func": "CALL",
						"routine": "distributeToPlayerRoutine",
						"arguments": {
							"tokens": [
								"sun-11",
								"sun-10",
								"sun-7",
								"sun-4"
							]
						}
					},
					{
						"func": "TURN",
						"turnCycle": "forward"
					}
				]
			},
			{
				"note": "Distribute starting tokens in a 4-player game",
				"func": "IF",
				"operand1": "${COUNT}",
				"relation": "==",
				"operand2": 4,
				"thenRoutine": [
					{
						"func": "CALL",
						"routine": "distributeToPlayerRoutine",
						"arguments": {
							"tokens": [
								"sun-13",
								"sun-6",
								"sun-2"
							]
						}
					},
					{
						"func": "TURN",
						"turnCycle": "forward"
					},
					{
						"func": "CALL",
						"routine": "distributeToPlayerRoutine",
						"arguments": {
							"tokens": [
								"sun-12",
								"sun-7",
								"sun-3"
							]
						}
					},
					{
						"func": "TURN",
						"turnCycle": "forward"
					},
					{
						"func": "CALL",
						"routine": "distributeToPlayerRoutine",
						"arguments": {
							"tokens": [
								"sun-11",
								"sun-8",
								"sun-4"
							]
						}
					},
					{
						"func": "TURN",
						"turnCycle": "forward"
					},
					{
						"func": "CALL",
						"routine": "distributeToPlayerRoutine",
						"arguments": {
							"tokens": [
								"cash-10",
								"sun-9",
								"sun-5"
							]
						}
					},
					{
						"func": "TURN",
						"turnCycle": "forward"
					}
				]
			},
			{
				"note": "Distribute starting tokens in a 4-player game",
				"func": "IF",
				"operand1": "${COUNT}",
				"relation": "==",
				"operand2": 5,
				"thenRoutine": [
					{
						"func": "CALL",
						"routine": "distributeToPlayerRoutine",
						"arguments": {
							"tokens": [
								"sun-16",
								"sun-7",
								"sun-2"
							]
						}
					},
					{
						"func": "TURN",
						"turnCycle": "forward"
					},
					{
						"func": "CALL",
						"routine": "distributeToPlayerRoutine",
						"arguments": {
							"tokens": [
								"sun-15",
								"sun-8",
								"sun-3"
							]
						}
					},
					{
						"func": "TURN",
						"turnCycle": "forward"
					},
					{
						"func": "CALL",
						"routine": "distributeToPlayerRoutine",
						"arguments": {
							"tokens": [
								"sun-14",
								"sun-9",
								"sun-4"
							]
						}
					},
					{
						"func": "TURN",
						"turnCycle": "forward"
					},
					{
						"func": "CALL",
						"routine": "distributeToPlayerRoutine",
						"arguments": {
							"tokens": [
								"sun-13",
								"sun-10",
								"sun-5"
							]
						}
					},
					{
						"func": "TURN",
						"turnCycle": "forward"
					},
					{
						"func": "CALL",
						"routine": "distributeToPlayerRoutine",
						"arguments": {
							"tokens": [
								"sun-12",
								"sun-11",
								"sun-6"
							]
						}
					},
					{
						"func": "TURN",
						"turnCycle": "forward"
					}
				]
			}
		]
	},
	"current-holder-sun": {
		"type": "holder",
		"id": "current-holder-sun",
		"x": 125,
		"y": 115,
		"width": 40,
		"height": 40,
		"dropTarget": {
			"type": "card",
			"deck": "suns-deck"
		}
	},
	"description-civ": {
		"type": "label",
		"id": "description-civ",
		"x": 575,
		"y": 260,
		"width": 340,
		"css": "font-family:sans-serif;font-size:10px;text-align:center",
		"text": "None: -5VP\n3/4/5 different types: 5/10/15VP"
	},
	"description-god": {
		"type": "label",
		"id": "description-god",
		"x": 260,
		"y": 260,
		"css": "font-family:sans-serif;font-size:10px;text-align:center",
		"text": "2VP each",
		"width": 70
	},
	"description-gold": {
		"type": "label",
		"id": "description-gold",
		"x": 180,
		"y": 260,
		"css": "font-family:sans-serif;font-size:10px;text-align:center",
		"text": "3VP each",
		"width": 70
	},
	"description-monuments": {
		"type": "label",
		"id": "description-monuments",
		"x": 1075,
		"y": 260,
		"width": 380,
		"css": "font-family:sans-serif;font-size:10px;text-align:center",
		"text": "1/2/3/4/5/6/7/8 different types: 1/2/3/4/5/6/10/15VP\nEach 3/4/5 of a kind: 5/10/15VP"
	},
	"description-monuments-nb": {
		"type": "label",
		"id": "description-monuments-nb",
		"x": 935,
		"y": 260,
		"width": 140,
		"css": "font-family:sans-serif;font-size:10px;text-align:center",
		"text": "- LAST ROUND ONLY -"
	},
	"description-niles-and-floods": {
		"type": "label",
		"id": "description-niles-and-floods",
		"x": 420,
		"y": 260,
		"width": 140,
		"css": "font-family:sans-serif;font-size:10px;text-align:center",
		"text": "1VP each as long as at\nleast one is a Flood"
	},
	"description-pharaohs": {
		"type": "label",
		"id": "description-pharaohs",
		"x": 340,
		"y": 260,
		"width": 70,
		"css": "font-family:sans-serif;font-size:10px;text-align:center",
		"text": "Most: 5VP\nFewest: -2VP"
	},
	"description-suns": {
		"type": "label",
		"id": "description-suns",
		"x": 10,
		"y": 195,
		"width": 160,
		"css": "font-family:sans-serif;font-size:10px;text-align:center",
		"text": "End of Game:\nHighest cash total +5VP\nLowest cash total -5VP",
		"height": 50
	},
	"example-civ-1": {
		"id": "example-civ-1",
		"x": 575,
		"y": 195,
		"width": 60,
		"height": 60,
		"movable": false,
		"css": "opacity:0.2",
		"image": "https://raw.githubusercontent.com/andypymont/vtt-games/main/ra/assets/tile-civ-1.svg"
	},
	"example-civ-2": {
		"id": "example-civ-2",
		"x": 645,
		"y": 195,
		"width": 60,
		"height": 60,
		"movable": false,
		"css": "opacity:0.2",
		"image": "https://raw.githubusercontent.com/andypymont/vtt-games/main/ra/assets/tile-civ-2.svg"
	},
	"example-civ-3": {
		"id": "example-civ-3",
		"x": 715,
		"y": 195,
		"width": 60,
		"height": 60,
		"movable": false,
		"css": "opacity:0.2",
		"image": "https://raw.githubusercontent.com/andypymont/vtt-games/main/ra/assets/tile-civ-3.svg"
	},
	"example-civ-4": {
		"id": "example-civ-4",
		"x": 785,
		"y": 195,
		"width": 60,
		"height": 60,
		"movable": false,
		"css": "opacity:0.2",
		"image": "https://raw.githubusercontent.com/andypymont/vtt-games/main/ra/assets/tile-civ-4.svg"
	},
	"example-civ-5": {
		"id": "example-civ-5",
		"x": 855,
		"y": 195,
		"width": 60,
		"height": 60,
		"movable": false,
		"css": "opacity:0.2",
		"image": "https://raw.githubusercontent.com/andypymont/vtt-games/main/ra/assets/tile-civ-5.svg"
	},
	"example-flood": {
		"id": "example-flood",
		"x": 495,
		"y": 195,
		"width": 60,
		"height": 60,
		"movable": false,
		"css": "opacity:0.2",
		"image": "https://raw.githubusercontent.com/andypymont/vtt-games/main/ra/assets/tile-flood.svg"
	},
	"example-god": {
		"id": "example-god",
		"x": 265,
		"y": 195,
		"width": 60,
		"height": 60,
		"movable": false,
		"css": "opacity:0.2",
		"image": "https://raw.githubusercontent.com/andypymont/vtt-games/main/ra/assets/tile-god.svg"
	},
	"example-gold": {
		"id": "example-gold",
		"x": 185,
		"y": 195,
		"width": 60,
		"height": 60,
		"css": "opacity:0.2",
		"image": "https://raw.githubusercontent.com/andypymont/vtt-games/main/ra/assets/tile-gold.svg",
		"movable": false
	},
	"example-monument-1": {
		"id": "example-monument-1",
		"x": 935,
		"y": 195,
		"width": 60,
		"height": 60,
		"movable": false,
		"css": "opacity:0.2",
		"image": "https://raw.githubusercontent.com/andypymont/vtt-games/main/ra/assets/tile-monument-1.svg"
	},
	"example-monument-2": {
		"id": "example-monument-2",
		"x": 1005,
		"y": 195,
		"width": 60,
		"height": 60,
		"movable": false,
		"css": "opacity:0.2",
		"image": "https://raw.githubusercontent.com/andypymont/vtt-games/main/ra/assets/tile-monument-2.svg"
	},
	"example-monument-3": {
		"id": "example-monument-3",
		"x": 1075,
		"y": 195,
		"width": 60,
		"height": 60,
		"movable": false,
		"css": "opacity:0.2",
		"image": "https://raw.githubusercontent.com/andypymont/vtt-games/main/ra/assets/tile-monument-3.svg"
	},
	"example-monument-4": {
		"id": "example-monument-4",
		"x": 1145,
		"y": 195,
		"width": 60,
		"height": 60,
		"movable": false,
		"css": "opacity:0.2",
		"image": "https://raw.githubusercontent.com/andypymont/vtt-games/main/ra/assets/tile-monument-4.svg"
	},
	"example-monument-5": {
		"id": "example-monument-5",
		"x": 1215,
		"y": 195,
		"width": 60,
		"height": 60,
		"movable": false,
		"css": "opacity:0.2",
		"image": "https://raw.githubusercontent.com/andypymont/vtt-games/main/ra/assets/tile-monument-5.svg"
	},
	"example-monument-6": {
		"id": "example-monument-6",
		"x": 1285,
		"y": 195,
		"width": 60,
		"height": 60,
		"movable": false,
		"css": "opacity:0.2",
		"image": "https://raw.githubusercontent.com/andypymont/vtt-games/main/ra/assets/tile-monument-6.svg"
	},
	"example-monument-7": {
		"id": "example-monument-7",
		"x": 1355,
		"y": 195,
		"width": 60,
		"height": 60,
		"movable": false,
		"css": "opacity:0.2",
		"image": "https://raw.githubusercontent.com/andypymont/vtt-games/main/ra/assets/tile-monument-7.svg"
	},
	"example-monument-8": {
		"id": "example-monument-8",
		"x": 1425,
		"y": 195,
		"width": 60,
		"height": 60,
		"movable": false,
		"css": "opacity:0.2",
		"image": "https://raw.githubusercontent.com/andypymont/vtt-games/main/ra/assets/tile-monument-8.svg"
	},
	"example-nile": {
		"id": "example-nile",
		"x": 425,
		"y": 195,
		"width": 60,
		"height": 60,
		"movable": false,
		"css": "opacity:0.2",
		"image": "https://raw.githubusercontent.com/andypymont/vtt-games/main/ra/assets/tile-nile.svg"
	},
	"example-pharaoh": {
		"id": "example-pharaoh",
		"x": 345,
		"y": 195,
		"width": 60,
		"height": 60,
		"movable": false,
		"css": "opacity:0.2",
		"image": "https://raw.githubusercontent.com/andypymont/vtt-games/main/ra/assets/tile-pharaoh.svg"
	},
	"holder-current-1": {
		"type": "holder",
		"id": "holder-current-1",
		"x": 210,
		"y": 100,
		"width": 70,
		"height": 70,
		"dropTarget": {
			"type": "card",
			"deck": "tiles-deck"
		}
	},
	"holder-current-2": {
		"type": "holder",
		"id": "holder-current-2",
		"x": 310,
		"y": 100,
		"width": 70,
		"height": 70,
		"dropTarget": {
			"type": "card",
			"deck": "tiles-deck"
		}
	},
	"holder-current-3": {
		"type": "holder",
		"id": "holder-current-3",
		"x": 410,
		"y": 100,
		"width": 70,
		"height": 70,
		"dropTarget": {
			"type": "card",
			"deck": "tiles-deck"
		}
	},
	"holder-current-4": {
		"type": "holder",
		"id": "holder-current-4",
		"x": 510,
		"y": 100,
		"width": 70,
		"height": 70,
		"dropTarget": {
			"type": "card",
			"deck": "tiles-deck"
		}
	},
	"holder-current-5": {
		"type": "holder",
		"id": "holder-current-5",
		"x": 610,
		"y": 100,
		"width": 70,
		"height": 70,
		"dropTarget": {
			"type": "card",
			"deck": "tiles-deck"
		}
	},
	"holder-current-6": {
		"type": "holder",
		"id": "holder-current-6",
		"x": 710,
		"y": 100,
		"width": 70,
		"height": 70,
		"dropTarget": {
			"type": "card",
			"deck": "tiles-deck"
		}
	},
	"holder-current-7": {
		"type": "holder",
		"id": "holder-current-7",
		"x": 810,
		"y": 100,
		"width": 70,
		"height": 70,
		"dropTarget": {
			"type": "card",
			"deck": "tiles-deck"
		}
	},
  "holder-current-8": {
		"type": "holder",
		"id": "holder-current-8",
		"x": 910,
		"y": 100,
		"width": 70,
		"height": 70,
		"dropTarget": {
			"type": "card",
			"deck": "tiles-deck"
		}
	},
	"holder-ra-1": {
		"type": "holder",
		"id": "holder-ra-1",
		"x": 210,
		"y": 10,
		"width": 70,
		"height": 70,
		"dropTarget": {
			"type": "card",
			"cardType": "ra"
		}
	},
	"holder-ra-2": {
		"type": "holder",
		"id": "holder-ra-2",
		"x": 310,
		"y": 10,
		"width": 70,
		"height": 70,
		"dropTarget": {
			"type": "card",
			"cardType": "ra"
		}
	},
	"holder-ra-3": {
		"type": "holder",
		"id": "holder-ra-3",
		"x": 410,
		"y": 10,
		"width": 70,
		"height": 70,
		"dropTarget": {
			"type": "card",
			"cardType": "ra"
		}
	},
	"holder-ra-4": {
		"type": "holder",
		"id": "holder-ra-4",
		"x": 510,
		"y": 10,
		"width": 70,
		"height": 70,
		"dropTarget": {
			"type": "card",
			"cardType": "ra"
		}
	},
	"holder-ra-5": {
		"type": "holder",
		"id": "holder-ra-5",
		"x": 610,
		"y": 10,
		"width": 70,
		"height": 70,
		"dropTarget": {
			"type": "card",
			"cardType": "ra"
		}
	},
	"holder-ra-6": {
		"type": "holder",
		"id": "holder-ra-6",
		"x": 710,
		"y": 10,
		"width": 70,
		"height": 70,
		"dropTarget": {
			"type": "card",
			"cardType": "ra"
		}
	},
	"holder-ra-7": {
		"type": "holder",
		"id": "holder-ra-7",
		"x": 810,
		"y": 10,
		"width": 70,
		"height": 70,
		"dropTarget": {
			"type": "card",
			"cardType": "ra"
		}
	},
  "holder-ra-8": {
		"type": "holder",
		"id": "holder-ra-8",
		"x": 910,
		"y": 10,
		"width": 70,
		"height": 70,
		"dropTarget": {
			"type": "card",
			"cardType": "ra"
		}
	},
  "holder-ra-9": {
		"type": "holder",
		"id": "holder-ra-9",
		"x": 1010,
		"y": 10,
		"width": 70,
		"height": 70,
		"dropTarget": {
			"type": "card",
			"cardType": "ra"
		}
	},
  "holder-ra-10": {
		"type": "holder",
		"id": "holder-ra-10",
		"x": 1110,
		"y": 10,
		"width": 70,
		"height": 70,
		"dropTarget": {
			"type": "card",
			"cardType": "ra"
		}
	},
	"label-discard": {
		"type": "label",
		"id": "label-discard",
		"x": 10,
		"css": "font-family:sans-serif;font-size:8px;text-align:center",
		"text": "DISCARD",
		"width": 70,
		"height": 10,
		"layer": -4
	},
	"p1-civ1-holder": {
		"type": "holder",
		"id": "p1-civ1-holder",
		"x": 570,
		"y": 310,
		"width": 70,
		"height": 70,
		"dropTarget": {
			"type": "card",
			"deck": "tiles-deck",
			"cardType": "civ-1"
		},
		"linkedToSeat": "p1-seat"
	},
	"p1-civ2-holder": {
		"type": "holder",
		"id": "p1-civ2-holder",
		"x": 640,
		"y": 310,
		"width": 70,
		"height": 70,
		"dropTarget": {
			"type": "card",
			"deck": "tiles-deck",
			"cardType": "civ-2"
		},
		"linkedToSeat": "p1-seat"
	},
	"p1-civ3-holder": {
		"type": "holder",
		"id": "p1-civ3-holder",
		"x": 710,
		"y": 310,
		"width": 70,
		"height": 70,
		"dropTarget": {
			"type": "card",
			"deck": "tiles-deck",
			"cardType": "civ-3"
		},
		"linkedToSeat": "p1-seat"
	},
	"p1-civ4-holder": {
		"type": "holder",
		"id": "p1-civ4-holder",
		"x": 780,
		"y": 310,
		"width": 70,
		"height": 70,
		"dropTarget": {
			"type": "card",
			"deck": "tiles-deck",
			"cardType": "civ-4"
		},
		"linkedToSeat": "p1-seat"
	},
	"p1-civ5-holder": {
		"type": "holder",
		"id": "p1-civ5-holder",
		"x": 850,
		"y": 310,
		"width": 70,
		"height": 70,
		"dropTarget": {
			"type": "card",
			"deck": "tiles-deck",
			"cardType": "civ-5"
		},
		"linkedToSeat": "p1-seat"
	},
	"p1-flood-holder": {
		"type": "holder",
		"id": "p1-flood-holder",
		"x": 490,
		"y": 310,
		"width": 70,
		"height": 70,
		"dropTarget": {
			"type": "card",
			"deck": "tiles-deck",
			"cardType": "flood"
		},
		"linkedToSeat": "p1-seat"
	},
	"p1-god-holder": {
		"type": "holder",
		"id": "p1-god-holder",
		"x": 260,
		"y": 310,
		"width": 70,
		"height": 70,
		"dropTarget": {
			"type": "card",
			"deck": "tiles-deck",
			"cardType": "god"
		},
		"linkedToSeat": "p1-seat"
	},
	"p1-gold-holder": {
		"type": "holder",
		"id": "p1-gold-holder",
		"x": 180,
		"y": 310,
		"width": 70,
		"height": 70,
		"dropTarget": {
			"type": "card",
			"deck": "tiles-deck",
			"cardType": "gold"
		},
		"linkedToSeat": "p1-seat"
	},
	"p1-monument1-holder": {
		"type": "holder",
		"id": "p1-monument1-holder",
		"x": 930,
		"y": 310,
		"width": 70,
		"height": 70,
		"dropTarget": {
			"type": "card",
			"deck": "tiles-deck",
			"cardType": "monument-1"
		},
		"linkedToSeat": "p1-seat"
	},
	"p1-monument2-holder": {
		"type": "holder",
		"id": "p1-monument2-holder",
		"x": 1000,
		"y": 310,
		"width": 70,
		"height": 70,
		"dropTarget": {
			"type": "card",
			"deck": "tiles-deck",
			"cardType": "monument-2"
		},
		"linkedToSeat": "p1-seat"
	},
	"p1-monument3-holder": {
		"type": "holder",
		"id": "p1-monument3-holder",
		"x": 1070,
		"y": 310,
		"width": 70,
		"height": 70,
		"dropTarget": {
			"type": "card",
			"deck": "tiles-deck",
			"cardType": "monument-3"
		},
		"linkedToSeat": "p1-seat"
	},
	"p1-monument4-holder": {
		"type": "holder",
		"id": "p1-monument4-holder",
		"x": 1140,
		"y": 310,
		"width": 70,
		"height": 70,
		"dropTarget": {
			"type": "card",
			"deck": "tiles-deck",
			"cardType": "monument-4"
		},
		"linkedToSeat": "p1-seat"
	},
	"p1-monument5-holder": {
		"type": "holder",
		"id": "p1-monument5-holder",
		"x": 1210,
		"y": 310,
		"width": 70,
		"height": 70,
		"dropTarget": {
			"type": "card",
			"deck": "tiles-deck",
			"cardType": "monument-5"
		},
		"linkedToSeat": "p1-seat"
	},
	"p1-monument6-holder": {
		"type": "holder",
		"id": "p1-monument6-holder",
		"x": 1280,
		"y": 310,
		"width": 70,
		"height": 70,
		"dropTarget": {
			"type": "card",
			"deck": "tiles-deck",
			"cardType": "monument-6"
		},
		"linkedToSeat": "p1-seat"
	},
	"p1-monument7-holder": {
		"type": "holder",
		"id": "p1-monument7-holder",
		"x": 1350,
		"y": 310,
		"width": 70,
		"height": 70,
		"dropTarget": {
			"type": "card",
			"deck": "tiles-deck",
			"cardType": "monument-7"
		},
		"linkedToSeat": "p1-seat"
	},
  "p1-monument8-holder": {
		"type": "holder",
		"id": "p1-monument8-holder",
		"x": 1420,
		"y": 310,
		"width": 70,
		"height": 70,
		"dropTarget": {
			"type": "card",
			"deck": "tiles-deck",
			"cardType": "monument-8"
		},
		"linkedToSeat": "p1-seat"
	},
	"p1-nile-holder": {
		"type": "holder",
		"id": "p1-nile-holder",
		"x": 420,
		"y": 310,
		"width": 70,
		"height": 70,
		"dropTarget": {
			"type": "card",
			"deck": "tiles-deck",
			"cardType": "nile"
		},
		"linkedToSeat": "p1-seat"
	},
	"p1-pharaoh-holder": {
		"type": "holder",
		"id": "p1-pharaoh-holder",
		"x": 340,
		"y": 310,
		"width": 70,
		"height": 70,
		"dropTarget": {
			"type": "card",
			"deck": "tiles-deck",
			"cardType": "pharaoh"
		},
		"linkedToSeat": "p1-seat"
	},
	"p1-score": {
		"type": "label",
		"id": "p1-score",
		"x": 55,
		"y": 280,
		"height": 14,
		"css": "font-family:sans-serif;font-size:12px;text-align:center",
		"editable": true,
		"text": 10,
		"width": 70,
		"linkedToSeat": "p1-seat"
	},
	"p1-score-dec": {
		"type": "button",
		"id": "p1-score-dec",
		"parent": "p1-score",
		"x": -8,
		"width": 20,
		"height": 20,
		"movableInEdit": false,
		"clickRoutine": [
			{
				"func": "LABEL",
				"label": "${PROPERTY parent}",
				"mode": "dec",
				"value": 1
			}
		],
		"text": "-",
		"y": -1
	},
	"p1-score-inc": {
		"type": "button",
		"id": "p1-score-inc",
		"parent": "p1-score",
		"x": 58,
		"y": -1,
		"width": 20,
		"height": 20,
		"movableInEdit": false,
		"clickRoutine": [
			{
				"func": "LABEL",
				"label": "${PROPERTY parent}",
				"mode": "inc",
				"value": 1
			}
		],
		"text": "+"
	},
	"p1-seat": {
		"type": "seat",
		"id": "p1-seat",
		"x": 10,
		"y": 242,
		"height": 25,
		"scale": 0.8,
		"width": 148,
		"hideWhenUnused": true,
		"clickRoutine": [
			"var playerPrefix = substr ${playerName} 0 5",
			{
				"func": "IF",
				"operand1": "${playerPrefix}",
				"operand2": "Guest",
				"thenRoutine": [
					{
						"func": "INPUT",
						"header": "Enter your name and choice of player color.",
						"fields": [
							{
								"type": "string",
								"label": "Name",
								"variable": "playerName",
								"value": "${playerName}"
							},
							{
								"type": "color",
								"label": "Color",
								"variable": "playerColor",
								"value": "${playerColor}"
							}
						]
					}
				]
			},
			{
				"func": "CLICK",
				"collection": "thisButton",
				"mode": "ignoreClickRoutine"
			}
		],
		"turn": true,
		"hand": "p1-suns-holder-1"
	},
	"p1-suns-holder-1": {
		"type": "holder",
		"id": "p1-suns-holder-1",
		"x": 30,
		"y": 305,
		"width": 120,
		"height": 40,
		"dropTarget": {
			"type": "card",
			"deck": "suns-deck"
		},
		"linkedToSeat": "p1-seat",
		"stackOffsetX": 30
	},
	"p1-suns-holder-2": {
		"type": "holder",
		"id": "p1-suns-holder-2",
		"x": 30,
		"y": 345,
		"width": 120,
		"height": 40,
		"dropTarget": {
			"type": "card",
			"deck": "suns-deck"
		},
		"linkedToSeat": "p1-seat",
		"stackOffsetX": 30
	},
	"p2-civ1-holder": {
		"type": "holder",
		"id": "p2-civ1-holder",
		"x": 570,
		"y": 450,
		"width": 70,
		"height": 70,
		"dropTarget": {
			"type": "card",
			"deck": "tiles-deck",
			"cardType": "civ-1"
		},
		"linkedToSeat": "p2-seat"
	},
	"p2-civ2-holder": {
		"type": "holder",
		"id": "p2-civ2-holder",
		"x": 640,
		"y": 450,
		"width": 70,
		"height": 70,
		"dropTarget": {
			"type": "card",
			"deck": "tiles-deck",
			"cardType": "civ-2"
		},
		"linkedToSeat": "p2-seat"
	},
	"p2-civ3-holder": {
		"type": "holder",
		"id": "p2-civ3-holder",
		"x": 710,
		"y": 450,
		"width": 70,
		"height": 70,
		"dropTarget": {
			"type": "card",
			"deck": "tiles-deck",
			"cardType": "civ-3"
		},
		"linkedToSeat": "p2-seat"
	},
	"p2-civ4-holder": {
		"type": "holder",
		"id": "p2-civ4-holder",
		"x": 780,
		"y": 450,
		"width": 70,
		"height": 70,
		"dropTarget": {
			"type": "card",
			"deck": "tiles-deck",
			"cardType": "civ-4"
		},
		"linkedToSeat": "p2-seat"
	},
	"p2-civ5-holder": {
		"type": "holder",
		"id": "p2-civ5-holder",
		"x": 850,
		"y": 450,
		"width": 70,
		"height": 70,
		"dropTarget": {
			"type": "card",
			"deck": "tiles-deck",
			"cardType": "civ-5"
		},
		"linkedToSeat": "p2-seat"
	},
	"p2-flood-holder": {
		"type": "holder",
		"id": "p2-flood-holder",
		"x": 490,
		"y": 450,
		"width": 70,
		"height": 70,
		"dropTarget": {
			"type": "card",
			"deck": "tiles-deck",
			"cardType": "flood"
		},
		"linkedToSeat": "p2-seat"
	},
	"p2-god-holder": {
		"type": "holder",
		"id": "p2-god-holder",
		"x": 260,
		"y": 450,
		"width": 70,
		"height": 70,
		"dropTarget": {
			"type": "card",
			"deck": "tiles-deck",
			"cardType": "god"
		},
		"linkedToSeat": "p2-seat"
	},
	"p2-gold-holder": {
		"type": "holder",
		"id": "p2-gold-holder",
		"x": 180,
		"y": 450,
		"width": 70,
		"height": 70,
		"dropTarget": {
			"type": "card",
			"deck": "tiles-deck",
			"cardType": "gold"
		},
		"linkedToSeat": "p2-seat"
	},
	"p2-monument1-holder": {
		"type": "holder",
		"id": "p2-monument1-holder",
		"x": 930,
		"y": 450,
		"width": 70,
		"height": 70,
		"dropTarget": {
			"type": "card",
			"deck": "tiles-deck",
			"cardType": "monument-1"
		},
		"linkedToSeat": "p2-seat"
	},
	"p2-monument2-holder": {
		"type": "holder",
		"id": "p2-monument2-holder",
		"x": 1000,
		"y": 450,
		"width": 70,
		"height": 70,
		"dropTarget": {
			"type": "card",
			"deck": "tiles-deck",
			"cardType": "monument-2"
		},
		"linkedToSeat": "p2-seat"
	},
	"p2-monument3-holder": {
		"type": "holder",
		"id": "p2-monument3-holder",
		"x": 1070,
		"y": 450,
		"width": 70,
		"height": 70,
		"dropTarget": {
			"type": "card",
			"deck": "tiles-deck",
			"cardType": "monument-3"
		},
		"linkedToSeat": "p2-seat"
	},
	"p2-monument4-holder": {
		"type": "holder",
		"id": "p2-monument4-holder",
		"x": 1140,
		"y": 450,
		"width": 70,
		"height": 70,
		"dropTarget": {
			"type": "card",
			"deck": "tiles-deck",
			"cardType": "monument-4"
		},
		"linkedToSeat": "p2-seat"
	},
	"p2-monument5-holder": {
		"type": "holder",
		"id": "p2-monument5-holder",
		"x": 1210,
		"y": 450,
		"width": 70,
		"height": 70,
		"dropTarget": {
			"type": "card",
			"deck": "tiles-deck",
			"cardType": "monument-5"
		},
		"linkedToSeat": "p2-seat"
	},
	"p2-monument6-holder": {
		"type": "holder",
		"id": "p2-monument6-holder",
		"x": 1280,
		"y": 450,
		"width": 70,
		"height": 70,
		"dropTarget": {
			"type": "card",
			"deck": "tiles-deck",
			"cardType": "monument-6"
		},
		"linkedToSeat": "p2-seat"
	},
	"p2-monument7-holder": {
		"type": "holder",
		"id": "p2-monument7-holder",
		"x": 1350,
		"y": 450,
		"width": 70,
		"height": 70,
		"dropTarget": {
			"type": "card",
			"deck": "tiles-deck",
			"cardType": "monument-7"
		},
		"linkedToSeat": "p2-seat"
	},
  "p2-monument8-holder": {
		"type": "holder",
		"id": "p2-monument8-holder",
		"x": 1420,
		"y": 450,
		"width": 70,
		"height": 70,
		"dropTarget": {
			"type": "card",
			"deck": "tiles-deck",
			"cardType": "monument-8"
		},
		"linkedToSeat": "p2-seat"
	},
	"p2-nile-holder": {
		"type": "holder",
		"id": "p2-nile-holder",
		"x": 420,
		"y": 450,
		"width": 70,
		"height": 70,
		"dropTarget": {
			"type": "card",
			"deck": "tiles-deck",
			"cardType": "nile"
		},
		"linkedToSeat": "p2-seat"
	},
	"p2-pharaoh-holder": {
		"type": "holder",
		"id": "p2-pharaoh-holder",
		"x": 340,
		"y": 450,
		"width": 70,
		"height": 70,
		"dropTarget": {
			"type": "card",
			"deck": "tiles-deck",
			"cardType": "pharaoh"
		},
		"linkedToSeat": "p2-seat"
	},
	"p2-score": {
		"type": "label",
		"id": "p2-score",
		"x": 55,
		"y": 420,
		"height": 14,
		"css": "font-family:sans-serif;font-size:12px;text-align:center",
		"editable": true,
		"text": 10,
		"width": 70,
		"linkedToSeat": "p2-seat"
	},
	"p2-score-dec": {
		"type": "button",
		"id": "p2-score-dec",
		"parent": "p2-score",
		"x": -8,
		"width": 20,
		"height": 20,
		"movableInEdit": false,
		"clickRoutine": [
			{
				"func": "LABEL",
				"label": "${PROPERTY parent}",
				"mode": "dec",
				"value": 1
			}
		],
		"text": "-",
		"y": -1
	},
	"p2-score-inc": {
		"type": "button",
		"id": "p2-score-inc",
		"parent": "p2-score",
		"x": 58,
		"y": -1,
		"width": 20,
		"height": 20,
		"movableInEdit": false,
		"clickRoutine": [
			{
				"func": "LABEL",
				"label": "${PROPERTY parent}",
				"mode": "inc",
				"value": 1
			}
		],
		"text": "+"
	},
	"p2-seat": {
		"type": "seat",
		"id": "p2-seat",
		"x": 10,
		"y": 382,
		"height": 25,
		"scale": 0.8,
		"width": 148,
		"index": 2,
		"hideWhenUnused": true,
		"clickRoutine": [
			"var playerPrefix = substr ${playerName} 0 5",
			{
				"func": "IF",
				"operand1": "${playerPrefix}",
				"operand2": "Guest",
				"thenRoutine": [
					{
						"func": "INPUT",
						"header": "Enter your name and choice of player color.",
						"fields": [
							{
								"type": "string",
								"label": "Name",
								"variable": "playerName",
								"value": "${playerName}"
							},
							{
								"type": "color",
								"label": "Color",
								"variable": "playerColor",
								"value": "${playerColor}"
							}
						]
					}
				]
			},
			{
				"func": "CLICK",
				"collection": "thisButton",
				"mode": "ignoreClickRoutine"
			}
		],
		"hand": "p2-suns-holder-1"
	},
	"p2-suns-holder-1": {
		"type": "holder",
		"id": "p2-suns-holder-1",
		"x": 30,
		"y": 445,
		"width": 120,
		"height": 40,
		"dropTarget": {
			"type": "card",
			"deck": "suns-deck"
		},
		"linkedToSeat": "p2-seat",
		"stackOffsetX": 30
	},
	"p2-suns-holder-2": {
		"type": "holder",
		"id": "p2-suns-holder-2",
		"x": 30,
		"y": 485,
		"width": 120,
		"height": 40,
		"dropTarget": {
			"type": "card",
			"deck": "suns-deck"
		},
		"linkedToSeat": "p2-seat",
		"stackOffsetX": 30
	},
	"p3-civ1-holder": {
		"type": "holder",
		"id": "p3-civ1-holder",
		"x": 570,
		"y": 590,
		"width": 70,
		"height": 70,
		"dropTarget": {
			"type": "card",
			"deck": "tiles-deck",
			"cardType": "civ-1"
		},
		"linkedToSeat": "p3-seat"
	},
	"p3-civ2-holder": {
		"type": "holder",
		"id": "p3-civ2-holder",
		"x": 640,
		"y": 590,
		"width": 70,
		"height": 70,
		"dropTarget": {
			"type": "card",
			"deck": "tiles-deck",
			"cardType": "civ-2"
		},
		"linkedToSeat": "p3-seat"
	},
	"p3-civ3-holder": {
		"type": "holder",
		"id": "p3-civ3-holder",
		"x": 710,
		"y": 590,
		"width": 70,
		"height": 70,
		"dropTarget": {
			"type": "card",
			"deck": "tiles-deck",
			"cardType": "civ-3"
		},
		"linkedToSeat": "p3-seat"
	},
	"p3-civ4-holder": {
		"type": "holder",
		"id": "p3-civ4-holder",
		"x": 780,
		"y": 590,
		"width": 70,
		"height": 70,
		"dropTarget": {
			"type": "card",
			"deck": "tiles-deck",
			"cardType": "civ-4"
		},
		"linkedToSeat": "p3-seat"
	},
	"p3-civ5-holder": {
		"type": "holder",
		"id": "p3-civ5-holder",
		"x": 850,
		"y": 590,
		"width": 70,
		"height": 70,
		"dropTarget": {
			"type": "card",
			"deck": "tiles-deck",
			"cardType": "civ-5"
		},
		"linkedToSeat": "p3-seat"
	},
	"p3-flood-holder": {
		"type": "holder",
		"id": "p3-flood-holder",
		"x": 490,
		"y": 590,
		"width": 70,
		"height": 70,
		"dropTarget": {
			"type": "card",
			"deck": "tiles-deck",
			"cardType": "flood"
		},
		"linkedToSeat": "p3-seat"
	},
	"p3-god-holder": {
		"type": "holder",
		"id": "p3-god-holder",
		"x": 260,
		"y": 590,
		"width": 70,
		"height": 70,
		"dropTarget": {
			"type": "card",
			"deck": "tiles-deck",
			"cardType": "god"
		},
		"linkedToSeat": "p3-seat"
	},
	"p3-gold-holder": {
		"type": "holder",
		"id": "p3-gold-holder",
		"x": 180,
		"y": 590,
		"width": 70,
		"height": 70,
		"dropTarget": {
			"type": "card",
			"deck": "tiles-deck",
			"cardType": "gold"
		},
		"linkedToSeat": "p3-seat"
	},
	"p3-monument1-holder": {
		"type": "holder",
		"id": "p3-monument1-holder",
		"x": 930,
		"y": 590,
		"width": 70,
		"height": 70,
		"dropTarget": {
			"type": "card",
			"deck": "tiles-deck",
			"cardType": "monument-1"
		},
		"linkedToSeat": "p3-seat"
	},
	"p3-monument2-holder": {
		"type": "holder",
		"id": "p3-monument2-holder",
		"x": 1000,
		"y": 590,
		"width": 70,
		"height": 70,
		"dropTarget": {
			"type": "card",
			"deck": "tiles-deck",
			"cardType": "monument-2"
		},
		"linkedToSeat": "p3-seat"
	},
	"p3-monument3-holder": {
		"type": "holder",
		"id": "p3-monument3-holder",
		"x": 1070,
		"y": 590,
		"width": 70,
		"height": 70,
		"dropTarget": {
			"type": "card",
			"deck": "tiles-deck",
			"cardType": "monument-3"
		},
		"linkedToSeat": "p3-seat"
	},
	"p3-monument4-holder": {
		"type": "holder",
		"id": "p3-monument4-holder",
		"x": 1140,
		"y": 590,
		"width": 70,
		"height": 70,
		"dropTarget": {
			"type": "card",
			"deck": "tiles-deck",
			"cardType": "monument-4"
		},
		"linkedToSeat": "p3-seat"
	},
	"p3-monument5-holder": {
		"type": "holder",
		"id": "p3-monument5-holder",
		"x": 1210,
		"y": 590,
		"width": 70,
		"height": 70,
		"dropTarget": {
			"type": "card",
			"deck": "tiles-deck",
			"cardType": "monument-5"
		},
		"linkedToSeat": "p3-seat"
	},
	"p3-monument6-holder": {
		"type": "holder",
		"id": "p3-monument6-holder",
		"x": 1280,
		"y": 590,
		"width": 70,
		"height": 70,
		"dropTarget": {
			"type": "card",
			"deck": "tiles-deck",
			"cardType": "monument-6"
		},
		"linkedToSeat": "p3-seat"
	},
	"p3-monument7-holder": {
		"type": "holder",
		"id": "p3-monument7-holder",
		"x": 1350,
		"y": 590,
		"width": 70,
		"height": 70,
		"dropTarget": {
			"type": "card",
			"deck": "tiles-deck",
			"cardType": "monument-7"
		},
		"linkedToSeat": "p3-seat"
	},
  "p3-monument8-holder": {
		"type": "holder",
		"id": "p3-monument8-holder",
		"x": 1420,
		"y": 590,
		"width": 70,
		"height": 70,
		"dropTarget": {
			"type": "card",
			"deck": "tiles-deck",
			"cardType": "monument-8"
		},
		"linkedToSeat": "p3-seat"
	},
	"p3-nile-holder": {
		"type": "holder",
		"id": "p3-nile-holder",
		"x": 420,
		"y": 590,
		"width": 70,
		"height": 70,
		"dropTarget": {
			"type": "card",
			"deck": "tiles-deck",
			"cardType": "nile"
		},
		"linkedToSeat": "p3-seat"
	},
	"p3-pharaoh-holder": {
		"type": "holder",
		"id": "p3-pharaoh-holder",
		"x": 340,
		"y": 590,
		"width": 70,
		"height": 70,
		"dropTarget": {
			"type": "card",
			"deck": "tiles-deck",
			"cardType": "pharaoh"
		},
		"linkedToSeat": "p3-seat"
	},
	"p3-score": {
		"type": "label",
		"id": "p3-score",
		"x": 55,
		"y": 560,
		"height": 14,
		"css": "font-family:sans-serif;font-size:12px;text-align:center",
		"editable": true,
		"text": 10,
		"width": 70,
		"linkedToSeat": "p3-seat"
	},
	"p3-score-dec": {
		"type": "button",
		"id": "p3-score-dec",
		"parent": "p3-score",
		"x": -8,
		"width": 20,
		"height": 20,
		"movableInEdit": false,
		"clickRoutine": [
			{
				"func": "LABEL",
				"label": "${PROPERTY parent}",
				"mode": "dec",
				"value": 1
			}
		],
		"text": "-",
		"y": -1
	},
	"p3-score-inc": {
		"type": "button",
		"id": "p3-score-inc",
		"parent": "p3-score",
		"x": 58,
		"y": -1,
		"width": 20,
		"height": 20,
		"movableInEdit": false,
		"clickRoutine": [
			{
				"func": "LABEL",
				"label": "${PROPERTY parent}",
				"mode": "inc",
				"value": 1
			}
		],
		"text": "+"
	},
	"p3-seat": {
		"type": "seat",
		"id": "p3-seat",
		"x": 10,
		"y": 522,
		"height": 25,
		"scale": 0.8,
		"width": 148,
		"index": 3,
		"hideWhenUnused": true,
		"clickRoutine": [
			"var playerPrefix = substr ${playerName} 0 5",
			{
				"func": "IF",
				"operand1": "${playerPrefix}",
				"operand2": "Guest",
				"thenRoutine": [
					{
						"func": "INPUT",
						"header": "Enter your name and choice of player color.",
						"fields": [
							{
								"type": "string",
								"label": "Name",
								"variable": "playerName",
								"value": "${playerName}"
							},
							{
								"type": "color",
								"label": "Color",
								"variable": "playerColor",
								"value": "${playerColor}"
							}
						]
					}
				]
			},
			{
				"func": "CLICK",
				"collection": "thisButton",
				"mode": "ignoreClickRoutine"
			}
		],
		"hand": "p3-suns-holder-1"
	},
	"p3-suns-holder-1": {
		"type": "holder",
		"id": "p3-suns-holder-1",
		"x": 30,
		"y": 585,
		"width": 120,
		"height": 40,
		"dropTarget": {
			"type": "card",
			"deck": "suns-deck"
		},
		"linkedToSeat": "p3-seat",
		"stackOffsetX": 30
	},
	"p3-suns-holder-2": {
		"type": "holder",
		"id": "p3-suns-holder-2",
		"x": 30,
		"y": 624,
		"width": 120,
		"height": 40,
		"dropTarget": {
			"type": "card",
			"deck": "suns-deck"
		},
		"linkedToSeat": "p3-seat",
		"z": 6,
		"stackOffsetX": 30
	},
	"p4-civ1-holder": {
		"type": "holder",
		"id": "p4-civ1-holder",
		"x": 570,
		"y": 730,
		"width": 70,
		"height": 70,
		"dropTarget": {
			"type": "card",
			"deck": "tiles-deck",
			"cardType": "civ-1"
		},
		"linkedToSeat": "p4-seat"
	},
	"p4-civ2-holder": {
		"type": "holder",
		"id": "p4-civ2-holder",
		"x": 640,
		"y": 730,
		"width": 70,
		"height": 70,
		"dropTarget": {
			"type": "card",
			"deck": "tiles-deck",
			"cardType": "civ-2"
		},
		"linkedToSeat": "p4-seat"
	},
	"p4-civ3-holder": {
		"type": "holder",
		"id": "p4-civ3-holder",
		"x": 710,
		"y": 730,
		"width": 70,
		"height": 70,
		"dropTarget": {
			"type": "card",
			"deck": "tiles-deck",
			"cardType": "civ-3"
		},
		"linkedToSeat": "p4-seat"
	},
	"p4-civ4-holder": {
		"type": "holder",
		"id": "p4-civ4-holder",
		"x": 780,
		"y": 730,
		"width": 70,
		"height": 70,
		"dropTarget": {
			"type": "card",
			"deck": "tiles-deck",
			"cardType": "civ-4"
		},
		"linkedToSeat": "p4-seat"
	},
	"p4-civ5-holder": {
		"type": "holder",
		"id": "p4-civ5-holder",
		"x": 850,
		"y": 730,
		"width": 70,
		"height": 70,
		"dropTarget": {
			"type": "card",
			"deck": "tiles-deck",
			"cardType": "civ-5"
		},
		"linkedToSeat": "p4-seat"
	},
	"p4-flood-holder": {
		"type": "holder",
		"id": "p4-flood-holder",
		"x": 490,
		"y": 730,
		"width": 70,
		"height": 70,
		"dropTarget": {
			"type": "card",
			"deck": "tiles-deck",
			"cardType": "flood"
		},
		"linkedToSeat": "p4-seat"
	},
	"p4-god-holder": {
		"type": "holder",
		"id": "p4-god-holder",
		"x": 260,
		"y": 730,
		"width": 70,
		"height": 70,
		"dropTarget": {
			"type": "card",
			"deck": "tiles-deck",
			"cardType": "god"
		},
		"linkedToSeat": "p4-seat"
	},
	"p4-gold-holder": {
		"type": "holder",
		"id": "p4-gold-holder",
		"x": 180,
		"y": 730,
		"width": 70,
		"height": 70,
		"dropTarget": {
			"type": "card",
			"deck": "tiles-deck",
			"cardType": "gold"
		},
		"linkedToSeat": "p4-seat"
	},
	"p4-monument1-holder": {
		"type": "holder",
		"id": "p4-monument1-holder",
		"x": 930,
		"y": 730,
		"width": 70,
		"height": 70,
		"dropTarget": {
			"type": "card",
			"deck": "tiles-deck",
			"cardType": "monument-1"
		},
		"linkedToSeat": "p4-seat"
	},
	"p4-monument2-holder": {
		"type": "holder",
		"id": "p4-monument2-holder",
		"x": 1000,
		"y": 730,
		"width": 70,
		"height": 70,
		"dropTarget": {
			"type": "card",
			"deck": "tiles-deck",
			"cardType": "monument-2"
		},
		"linkedToSeat": "p4-seat"
	},
	"p4-monument3-holder": {
		"type": "holder",
		"id": "p4-monument3-holder",
		"x": 1070,
		"y": 730,
		"width": 70,
		"height": 70,
		"dropTarget": {
			"type": "card",
			"deck": "tiles-deck",
			"cardType": "monument-3"
		},
		"z": 4,
		"linkedToSeat": "p4-seat"
	},
	"p4-monument4-holder": {
		"type": "holder",
		"id": "p4-monument4-holder",
		"x": 1140,
		"y": 730,
		"width": 70,
		"height": 70,
		"dropTarget": {
			"type": "card",
			"deck": "tiles-deck",
			"cardType": "monument-4"
		},
		"linkedToSeat": "p4-seat"
	},
	"p4-monument5-holder": {
		"type": "holder",
		"id": "p4-monument5-holder",
		"x": 1209,
		"y": 729,
		"width": 70,
		"height": 70,
		"dropTarget": {
			"type": "card",
			"deck": "tiles-deck",
			"cardType": "monument-5"
		},
		"z": 5,
		"linkedToSeat": "p4-seat"
	},
	"p4-monument6-holder": {
		"type": "holder",
		"id": "p4-monument6-holder",
		"x": 1280,
		"y": 730,
		"width": 70,
		"height": 70,
		"dropTarget": {
			"type": "card",
			"deck": "tiles-deck",
			"cardType": "monument-6"
		},
		"linkedToSeat": "p4-seat"
	},
	"p4-monument7-holder": {
		"type": "holder",
		"id": "p4-monument7-holder",
		"x": 1350,
		"y": 730,
		"width": 70,
		"height": 70,
		"dropTarget": {
			"type": "card",
			"deck": "tiles-deck",
			"cardType": "monument-7"
		},
		"linkedToSeat": "p4-seat"
	},
  "p4-monument8-holder": {
		"type": "holder",
		"id": "p4-monument8-holder",
		"x": 1420,
		"y": 730,
		"width": 70,
		"height": 70,
		"dropTarget": {
			"type": "card",
			"deck": "tiles-deck",
			"cardType": "monument-8"
		},
		"linkedToSeat": "p4-seat"
	},
	"p4-nile-holder": {
		"type": "holder",
		"id": "p4-nile-holder",
		"x": 420,
		"y": 730,
		"width": 70,
		"height": 70,
		"dropTarget": {
			"type": "card",
			"deck": "tiles-deck",
			"cardType": "nile"
		},
		"linkedToSeat": "p4-seat"
	},
	"p4-pharaoh-holder": {
		"type": "holder",
		"id": "p4-pharaoh-holder",
		"x": 340,
		"y": 730,
		"width": 70,
		"height": 70,
		"dropTarget": {
			"type": "card",
			"deck": "tiles-deck",
			"cardType": "pharaoh"
		},
		"linkedToSeat": "p4-seat"
	},
	"p4-score": {
		"type": "label",
		"id": "p4-score",
		"x": 55,
		"y": 700,
		"height": 14,
		"css": "font-family:sans-serif;font-size:12px;text-align:center",
		"editable": true,
		"text": 10,
		"width": 70,
		"linkedToSeat": "p4-seat"
	},
	"p4-score-dec": {
		"type": "button",
		"id": "p4-score-dec",
		"parent": "p4-score",
		"x": -8,
		"width": 20,
		"height": 20,
		"movableInEdit": false,
		"clickRoutine": [
			{
				"func": "LABEL",
				"label": "${PROPERTY parent}",
				"mode": "dec",
				"value": 1
			}
		],
		"text": "-",
		"y": -1
	},
	"p4-score-inc": {
		"type": "button",
		"id": "p4-score-inc",
		"parent": "p4-score",
		"x": 58,
		"y": -1,
		"width": 20,
		"height": 20,
		"movableInEdit": false,
		"clickRoutine": [
			{
				"func": "LABEL",
				"label": "${PROPERTY parent}",
				"mode": "inc",
				"value": 1
			}
		],
		"text": "+"
	},
	"p4-seat": {
		"type": "seat",
		"id": "p4-seat",
		"x": 10,
		"y": 662,
		"height": 25,
		"scale": 0.8,
		"width": 148,
		"index": 4,
		"hideWhenUnused": true,
		"clickRoutine": [
			"var playerPrefix = substr ${playerName} 0 5",
			{
				"func": "IF",
				"operand1": "${playerPrefix}",
				"operand2": "Guest",
				"thenRoutine": [
					{
						"func": "INPUT",
						"header": "Enter your name and choice of player color.",
						"fields": [
							{
								"type": "string",
								"label": "Name",
								"variable": "playerName",
								"value": "${playerName}"
							},
							{
								"type": "color",
								"label": "Color",
								"variable": "playerColor",
								"value": "${playerColor}"
							}
						]
					}
				]
			},
			{
				"func": "CLICK",
				"collection": "thisButton",
				"mode": "ignoreClickRoutine"
			}
		],
		"hand": "p4-suns-holder-1"
	},
	"p4-suns-holder-1": {
		"type": "holder",
		"id": "p4-suns-holder-1",
		"x": 30,
		"y": 725,
		"width": 120,
		"height": 40,
		"dropTarget": {
			"type": "card",
			"deck": "suns-deck"
		},
		"linkedToSeat": "p4-seat",
		"stackOffsetX": 30
	},
	"p4-suns-holder-2": {
		"type": "holder",
		"id": "p4-suns-holder-2",
		"x": 30,
		"y": 765,
		"width": 120,
		"height": 40,
		"dropTarget": {
			"type": "card",
			"deck": "suns-deck"
		},
		"linkedToSeat": "p4-seat",
		"stackOffsetX": 30
	},
	"p5-civ1-holder": {
		"type": "holder",
		"id": "p5-civ1-holder",
		"x": 570,
		"y": 870,
		"width": 70,
		"height": 70,
		"dropTarget": {
			"type": "card",
			"deck": "tiles-deck",
			"cardType": "civ-1"
		},
		"linkedToSeat": "p5-seat"
	},
	"p5-civ2-holder": {
		"type": "holder",
		"id": "p5-civ2-holder",
		"x": 640,
		"y": 870,
		"width": 70,
		"height": 70,
		"dropTarget": {
			"type": "card",
			"deck": "tiles-deck",
			"cardType": "civ-2"
		},
		"linkedToSeat": "p5-seat"
	},
	"p5-civ3-holder": {
		"type": "holder",
		"id": "p5-civ3-holder",
		"x": 710,
		"y": 870,
		"width": 70,
		"height": 70,
		"dropTarget": {
			"type": "card",
			"deck": "tiles-deck",
			"cardType": "civ-3"
		},
		"linkedToSeat": "p5-seat"
	},
	"p5-civ4-holder": {
		"type": "holder",
		"id": "p5-civ4-holder",
		"x": 780,
		"y": 870,
		"width": 70,
		"height": 70,
		"dropTarget": {
			"type": "card",
			"deck": "tiles-deck",
			"cardType": "civ-4"
		},
		"linkedToSeat": "p5-seat"
	},
	"p5-civ5-holder": {
		"type": "holder",
		"id": "p5-civ5-holder",
		"x": 850,
		"y": 870,
		"width": 70,
		"height": 70,
		"dropTarget": {
			"type": "card",
			"deck": "tiles-deck",
			"cardType": "civ-5"
		},
		"linkedToSeat": "p5-seat"
	},
	"p5-flood-holder": {
		"type": "holder",
		"id": "p5-flood-holder",
		"x": 490,
		"y": 870,
		"width": 70,
		"height": 70,
		"dropTarget": {
			"type": "card",
			"deck": "tiles-deck",
			"cardType": "flood"
		},
		"linkedToSeat": "p5-seat"
	},
	"p5-god-holder": {
		"type": "holder",
		"id": "p5-god-holder",
		"x": 260,
		"y": 870,
		"width": 70,
		"height": 70,
		"dropTarget": {
			"type": "card",
			"deck": "tiles-deck",
			"cardType": "god"
		},
		"linkedToSeat": "p5-seat"
	},
	"p5-gold-holder": {
		"type": "holder",
		"id": "p5-gold-holder",
		"x": 180,
		"y": 870,
		"width": 70,
		"height": 70,
		"dropTarget": {
			"type": "card",
			"deck": "tiles-deck",
			"cardType": "gold"
		},
		"linkedToSeat": "p5-seat"
	},
	"p5-monument1-holder": {
		"type": "holder",
		"id": "p5-monument1-holder",
		"x": 930,
		"y": 870,
		"width": 70,
		"height": 70,
		"dropTarget": {
			"type": "card",
			"deck": "tiles-deck",
			"cardType": "monument-1"
		},
		"linkedToSeat": "p5-seat"
	},
	"p5-monument2-holder": {
		"type": "holder",
		"id": "p5-monument2-holder",
		"x": 1000,
		"y": 870,
		"width": 70,
		"height": 70,
		"dropTarget": {
			"type": "card",
			"deck": "tiles-deck",
			"cardType": "monument-2"
		},
		"linkedToSeat": "p5-seat"
	},
	"p5-monument3-holder": {
		"type": "holder",
		"id": "p5-monument3-holder",
		"x": 1070,
		"y": 870,
		"width": 70,
		"height": 70,
		"dropTarget": {
			"type": "card",
			"deck": "tiles-deck",
			"cardType": "monument-3"
		},
		"linkedToSeat": "p5-seat"
	},
	"p5-monument4-holder": {
		"type": "holder",
		"id": "p5-monument4-holder",
		"x": 1140,
		"y": 870,
		"width": 70,
		"height": 70,
		"dropTarget": {
			"type": "card",
			"deck": "tiles-deck",
			"cardType": "monument-4"
		},
		"linkedToSeat": "p5-seat"
	},
	"p5-monument5-holder": {
		"type": "holder",
		"id": "p5-monument5-holder",
		"x": 1210,
		"y": 870,
		"width": 70,
		"height": 70,
		"dropTarget": {
			"type": "card",
			"deck": "tiles-deck",
			"cardType": "monument-5"
		},
		"linkedToSeat": "p5-seat"
	},
	"p5-monument6-holder": {
		"type": "holder",
		"id": "p5-monument6-holder",
		"x": 1280,
		"y": 870,
		"width": 70,
		"height": 70,
		"dropTarget": {
			"type": "card",
			"deck": "tiles-deck",
			"cardType": "monument-6"
		},
		"linkedToSeat": "p5-seat"
	},
	"p5-monument7-holder": {
		"type": "holder",
		"id": "p5-monument7-holder",
		"x": 1350,
		"y": 870,
		"width": 70,
		"height": 70,
		"dropTarget": {
			"type": "card",
			"deck": "tiles-deck",
			"cardType": "monument-7"
		},
		"linkedToSeat": "p5-seat"
	},
  "p5-monument8-holder": {
		"type": "holder",
		"id": "p5-monument8-holder",
		"x": 1420,
		"y": 870,
		"width": 70,
		"height": 70,
		"dropTarget": {
			"type": "card",
			"deck": "tiles-deck",
			"cardType": "monument-8"
		},
		"linkedToSeat": "p5-seat"
	},
	"p5-nile-holder": {
		"type": "holder",
		"id": "p5-nile-holder",
		"x": 420,
		"y": 870,
		"width": 70,
		"height": 70,
		"dropTarget": {
			"type": "card",
			"deck": "tiles-deck",
			"cardType": "nile"
		},
		"linkedToSeat": "p5-seat"
	},
	"p5-pharaoh-holder": {
		"type": "holder",
		"id": "p5-pharaoh-holder",
		"x": 340,
		"y": 870,
		"width": 70,
		"height": 70,
		"dropTarget": {
			"type": "card",
			"deck": "tiles-deck",
			"cardType": "pharaoh"
		},
		"linkedToSeat": "p5-seat"
	},
	"p5-score": {
		"type": "label",
		"id": "p5-score",
		"x": 55,
		"y": 840,
		"height": 14,
		"css": "font-family:sans-serif;font-size:12px;text-align:center",
		"editable": true,
		"text": 10,
		"width": 70,
		"linkedToSeat": "p5-seat"
	},
	"p5-score-dec": {
		"type": "button",
		"id": "p5-score-dec",
		"parent": "p5-score",
		"x": -8,
		"width": 20,
		"height": 20,
		"movableInEdit": false,
		"clickRoutine": [
			{
				"func": "LABEL",
				"label": "${PROPERTY parent}",
				"mode": "dec",
				"value": 1
			}
		],
		"text": "-",
		"y": -1
	},
	"p5-score-inc": {
		"type": "button",
		"id": "p5-score-inc",
		"parent": "p5-score",
		"x": 58,
		"y": -1,
		"width": 20,
		"height": 20,
		"movableInEdit": false,
		"clickRoutine": [
			{
				"func": "LABEL",
				"label": "${PROPERTY parent}",
				"mode": "inc",
				"value": 1
			}
		],
		"text": "+"
	},
	"p5-seat": {
		"type": "seat",
		"id": "p5-seat",
		"x": 10,
		"y": 802,
		"height": 25,
		"scale": 0.8,
		"width": 148,
		"index": 5,
		"hideWhenUnused": true,
		"clickRoutine": [
			"var playerPrefix = substr ${playerName} 0 5",
			{
				"func": "IF",
				"operand1": "${playerPrefix}",
				"operand2": "Guest",
				"thenRoutine": [
					{
						"func": "INPUT",
						"header": "Enter your name and choice of player color.",
						"fields": [
							{
								"type": "string",
								"label": "Name",
								"variable": "playerName",
								"value": "${playerName}"
							},
							{
								"type": "color",
								"label": "Color",
								"variable": "playerColor",
								"value": "${playerColor}"
							}
						]
					}
				]
			},
			{
				"func": "CLICK",
				"collection": "thisButton",
				"mode": "ignoreClickRoutine"
			}
		],
		"hand": "p5-suns-holder-1"
	},
	"p5-suns-holder-1": {
		"type": "holder",
		"id": "p5-suns-holder-1",
		"x": 30,
		"y": 865,
		"width": 120,
		"height": 40,
		"dropTarget": {
			"type": "card",
			"deck": "suns-deck"
		},
		"linkedToSeat": "p5-seat",
		"stackOffsetX": 30
	},
	"p5-suns-holder-2": {
		"type": "holder",
		"id": "p5-suns-holder-2",
		"x": 30,
		"y": 905,
		"width": 120,
		"height": 40,
		"dropTarget": {
			"type": "card",
			"deck": "suns-deck"
		},
		"linkedToSeat": "p5-seat",
		"stackOffsetX": 30
	},
	"setup-holder-cash": {
		"type": "holder",
		"id": "setup-holder-cash",
		"x": 1700,
		"y": 130,
		"width": 40,
		"height": 40,
		"z": 8
	},
	"sun-1": {
		"type": "card",
		"id": "sun-1",
		"parent": "current-holder-sun",
		"deck": "suns-deck",
		"cardType": "sun-1",
		"x": 4,
		"y": 4,
		"z": 767
	},
	"sun-10": {
		"type": "card",
		"id": "sun-10",
		"cardType": "sun-10",
		"deck": "suns-deck",
		"z": 910,
		"parent": "suns-pile"
	},
	"sun-11": {
		"type": "card",
		"id": "sun-11",
		"cardType": "sun-11",
		"deck": "suns-deck",
		"z": 912,
		"parent": "suns-pile"
	},
	"sun-12": {
		"type": "card",
		"id": "sun-12",
		"cardType": "sun-12",
		"deck": "suns-deck",
		"z": 914,
		"parent": "suns-pile"
	},
	"sun-13": {
		"type": "card",
		"id": "sun-13",
		"cardType": "sun-13",
		"deck": "suns-deck",
		"z": 916,
		"parent": "suns-pile"
	},
	"sun-14": {
		"type": "card",
		"id": "sun-14",
		"deck": "suns-deck",
		"cardType": "sun-14",
		"z": 918,
		"parent": "suns-pile"
	},
	"sun-15": {
		"type": "card",
		"id": "sun-15",
		"deck": "suns-deck",
		"cardType": "sun-15",
		"z": 920,
		"parent": "suns-pile"
	},
	"sun-16": {
		"type": "card",
		"id": "sun-16",
		"deck": "suns-deck",
		"cardType": "sun-16",
		"z": 922,
		"parent": "suns-pile"
	},
	"sun-2": {
		"type": "card",
		"id": "sun-2",
		"cardType": "sun-2",
		"deck": "suns-deck",
		"z": 894,
		"parent": "suns-pile"
	},
	"sun-3": {
		"type": "card",
		"id": "sun-3",
		"cardType": "sun-3",
		"deck": "suns-deck",
		"z": 896,
		"parent": "suns-pile"
	},
	"sun-4": {
		"type": "card",
		"id": "sun-4",
		"deck": "suns-deck",
		"cardType": "sun-4",
		"z": 898,
		"parent": "suns-pile"
	},
	"sun-5": {
		"type": "card",
		"id": "sun-5",
		"cardType": "sun-5",
		"z": 900,
		"deck": "suns-deck",
		"parent": "suns-pile"
	},
	"sun-6": {
		"type": "card",
		"id": "sun-6",
		"cardType": "sun-6",
		"z": 902,
		"deck": "suns-deck",
		"parent": "suns-pile"
	},
	"sun-7": {
		"type": "card",
		"id": "sun-7",
		"cardType": "sun-7",
		"deck": "suns-deck",
		"z": 904,
		"parent": "suns-pile"
	},
	"sun-8": {
		"type": "card",
		"id": "sun-8",
		"cardType": "sun-8",
		"deck": "suns-deck",
		"z": 906,
		"parent": "suns-pile"
	},
	"sun-9": {
		"type": "card",
		"id": "sun-9",
		"cardType": "sun-9",
		"z": 908,
		"deck": "suns-deck",
		"parent": "suns-pile"
	},
	"suns-deck": {
		"type": "deck",
		"id": "suns-deck",
		"width": 30,
		"height": 30,
		"movableInEdit": false,
		"cardDefaults": {
			"width": 30,
			"height": 30
		},
		"cardTypes": {
			"sun-1": {
				"text": "1"
			},
			"sun-2": {
				"text": "2"
			},
			"sun-3": {
				"text": "3"
			},
			"sun-4": {
				"text": "4"
			},
			"sun-5": {
				"text": "5"
			},
			"sun-6": {
				"text": "6"
			},
			"sun-7": {
				"text": "7"
			},
			"sun-8": {
				"text": "8"
			},
			"sun-9": {
				"text": "9"
			},
			"sun-10": {
				"text": "10"
			},
			"sun-11": {
				"text": "11"
			},
			"sun-12": {
				"text": "12"
			},
			"sun-13": {
				"text": "13"
			},
			"sun-14": {
				"text": "14"
			},
			"sun-15": {
				"text": "15"
			},
			"sun-16": {
				"text": "16"
			}
		},
		"faceTemplates": [
			{
				"border": false,
				"radius": false,
				"objects": [
					{
						"type": "image",
						"x": 0,
						"y": 0,
						"width": 30,
						"height": 30,
						"value": "https://raw.githubusercontent.com/andypymont/vtt-games/main/ra/assets/sun.svg",
						"color": "transparent"
					},
					{
						"type": "text",
						"x": 0,
						"y": 6,
						"fontSize": 14,
						"textAlign": "center",
						"width": 30,
						"dynamicProperties": {
							"value": "text"
						}
					}
				]
			}
		],
		"parent": "suns-holder"
	},
	"suns-holder": {
		"type": "holder",
		"id": "suns-holder",
		"x": -50,
		"y": -50,
		"width": 40,
		"height": 40,
		"dropTarget": {
			"type": "card",
			"deck": "suns-deck"
		},
		"z": 1
	},
	"suns-pile": {
		"type": "pile",
		"id": "suns-pile",
		"x": 1540,
		"y": 90,
		"width": 30,
		"height": 30
	},
	"tile-civ-1-1": {
		"type": "card",
		"id": "tile-civ-1-1",
		"parent": "tiles-pile",
		"deck": "tiles-deck",
		"cardType": "civ-1",
		"z": 793
	},
	"tile-civ-1-2": {
		"type": "card",
		"id": "tile-civ-1-2",
		"parent": "tiles-pile",
		"deck": "tiles-deck",
		"cardType": "civ-1",
		"z": 791
	},
	"tile-civ-1-3": {
		"type": "card",
		"id": "tile-civ-1-3",
		"parent": "tiles-pile",
		"deck": "tiles-deck",
		"cardType": "civ-1",
		"z": 789
	},
	"tile-civ-1-4": {
		"type": "card",
		"id": "tile-civ-1-4",
		"parent": "tiles-pile",
		"deck": "tiles-deck",
		"cardType": "civ-1",
		"z": 795
	},
	"tile-civ-1-5": {
		"type": "card",
		"id": "tile-civ-1-5",
		"parent": "tiles-pile",
		"deck": "tiles-deck",
		"cardType": "civ-1",
		"z": 471
	},
	"tile-civ-2-1": {
		"type": "card",
		"id": "tile-civ-2-1",
		"deck": "tiles-deck",
		"cardType": "civ-2",
		"z": 797,
		"parent": "tiles-pile"
	},
	"tile-civ-2-2": {
		"type": "card",
		"id": "tile-civ-2-2",
		"parent": "tiles-pile",
		"deck": "tiles-deck",
		"cardType": "civ-2",
		"z": 801
	},
	"tile-civ-2-3": {
		"type": "card",
		"id": "tile-civ-2-3",
		"parent": "tiles-pile",
		"deck": "tiles-deck",
		"cardType": "civ-2",
		"z": 803
	},
	"tile-civ-2-4": {
		"type": "card",
		"id": "tile-civ-2-4",
		"deck": "tiles-deck",
		"cardType": "civ-2",
		"z": 799,
		"parent": "tiles-pile"
	},
	"tile-civ-2-5": {
		"type": "card",
		"id": "tile-civ-2-5",
		"parent": "tiles-pile",
		"deck": "tiles-deck",
		"cardType": "civ-2",
		"z": 486
	},
	"tile-civ-3-1": {
		"type": "card",
		"id": "tile-civ-3-1",
		"parent": "tiles-pile",
		"deck": "tiles-deck",
		"cardType": "civ-3",
		"z": 809
	},
	"tile-civ-3-2": {
		"type": "card",
		"id": "tile-civ-3-2",
		"parent": "tiles-pile",
		"deck": "tiles-deck",
		"cardType": "civ-3",
		"z": 811
	},
	"tile-civ-3-3": {
		"type": "card",
		"id": "tile-civ-3-3",
		"parent": "tiles-pile",
		"deck": "tiles-deck",
		"cardType": "civ-3",
		"z": 807
	},
	"tile-civ-3-4": {
		"type": "card",
		"id": "tile-civ-3-4",
		"parent": "tiles-pile",
		"deck": "tiles-deck",
		"cardType": "civ-3",
		"z": 805
	},
	"tile-civ-3-5": {
		"type": "card",
		"id": "tile-civ-3-5",
		"parent": "tiles-pile",
		"deck": "tiles-deck",
		"cardType": "civ-3",
		"z": 503
	},
	"tile-civ-4-1": {
		"type": "card",
		"id": "tile-civ-4-1",
		"parent": "tiles-pile",
		"deck": "tiles-deck",
		"cardType": "civ-4",
		"z": 815
	},
	"tile-civ-4-2": {
		"type": "card",
		"id": "tile-civ-4-2",
		"parent": "tiles-pile",
		"deck": "tiles-deck",
		"cardType": "civ-4",
		"z": 813
	},
	"tile-civ-4-3": {
		"type": "card",
		"id": "tile-civ-4-3",
		"parent": "tiles-pile",
		"deck": "tiles-deck",
		"cardType": "civ-4",
		"z": 819
	},
	"tile-civ-4-4": {
		"type": "card",
		"id": "tile-civ-4-4",
		"parent": "tiles-pile",
		"deck": "tiles-deck",
		"cardType": "civ-4",
		"z": 817
	},
	"tile-civ-4-5": {
		"type": "card",
		"id": "tile-civ-4-5",
		"parent": "tiles-pile",
		"deck": "tiles-deck",
		"cardType": "civ-4",
		"z": 519
	},
	"tile-civ-5-1": {
		"type": "card",
		"id": "tile-civ-5-1",
		"parent": "tiles-pile",
		"deck": "tiles-deck",
		"cardType": "civ-5",
		"z": 821
	},
	"tile-civ-5-2": {
		"type": "card",
		"id": "tile-civ-5-2",
		"deck": "tiles-deck",
		"cardType": "civ-5",
		"z": 825,
		"parent": "tiles-pile"
	},
	"tile-civ-5-3": {
		"type": "card",
		"id": "tile-civ-5-3",
		"deck": "tiles-deck",
		"cardType": "civ-5",
		"z": 827,
		"parent": "tiles-pile"
	},
	"tile-civ-5-4": {
		"type": "card",
		"id": "tile-civ-5-4",
		"parent": "tiles-pile",
		"deck": "tiles-deck",
		"cardType": "civ-5",
		"z": 823
	},
	"tile-civ-5-5": {
		"type": "card",
		"id": "tile-civ-5-5",
		"parent": "tiles-pile",
		"deck": "tiles-deck",
		"cardType": "civ-5",
		"z": 523
	},
	"tile-drought-01": {
		"type": "card",
		"id": "tile-drought-01",
		"deck": "tiles-deck",
		"cardType": "drought",
		"z": 465,
		"parent": "tiles-pile"
	},
	"tile-drought-02": {
		"type": "card",
		"id": "tile-drought-02",
		"parent": "tiles-pile",
		"deck": "tiles-deck",
		"cardType": "drought",
		"z": 457
	},
	"tile-earthquake-1": {
		"type": "card",
		"id": "tile-earthquake-1",
		"deck": "tiles-deck",
		"cardType": "earthquake",
		"z": 818,
		"parent": "tiles-pile"
	},
  "tile-earthquake-2": {
		"type": "card",
		"id": "tile-earthquake-2",
		"deck": "tiles-deck",
		"cardType": "earthquake",
		"z": 818,
		"parent": "tiles-pile"
	},
	"tile-flood-01": {
		"type": "card",
		"id": "tile-flood-01",
		"parent": "tiles-pile",
		"deck": "tiles-deck",
		"cardType": "flood",
		"z": 787
	},
	"tile-flood-02": {
		"type": "card",
		"id": "tile-flood-02",
		"parent": "tiles-pile",
		"deck": "tiles-deck",
		"cardType": "flood",
		"z": 773
	},
	"tile-flood-03": {
		"type": "card",
		"id": "tile-flood-03",
		"parent": "tiles-pile",
		"deck": "tiles-deck",
		"cardType": "flood",
		"z": 775
	},
	"tile-flood-04": {
		"type": "card",
		"id": "tile-flood-04",
		"parent": "tiles-pile",
		"deck": "tiles-deck",
		"cardType": "flood",
		"z": 779
	},
	"tile-flood-05": {
		"type": "card",
		"id": "tile-flood-05",
		"parent": "tiles-pile",
		"deck": "tiles-deck",
		"cardType": "flood",
		"z": 777
	},
	"tile-flood-06": {
		"type": "card",
		"id": "tile-flood-06",
		"parent": "tiles-pile",
		"deck": "tiles-deck",
		"cardType": "flood",
		"z": 771
	},
	"tile-flood-07": {
		"type": "card",
		"id": "tile-flood-07",
		"parent": "tiles-pile",
		"deck": "tiles-deck",
		"cardType": "flood",
		"z": 781
	},
	"tile-flood-08": {
		"type": "card",
		"id": "tile-flood-08",
		"parent": "tiles-pile",
		"deck": "tiles-deck",
		"cardType": "flood",
		"z": 769
	},
	"tile-flood-09": {
		"type": "card",
		"id": "tile-flood-09",
		"parent": "tiles-pile",
		"deck": "tiles-deck",
		"cardType": "flood",
		"z": 783
	},
	"tile-flood-10": {
		"type": "card",
		"id": "tile-flood-10",
		"deck": "tiles-deck",
		"cardType": "flood",
		"z": 785,
		"parent": "tiles-pile"
	},
	"tile-flood-11": {
		"type": "card",
		"id": "tile-flood-11",
		"parent": "tiles-pile",
		"deck": "tiles-deck",
		"cardType": "flood",
		"z": 437
	},
	"tile-flood-12": {
		"type": "card",
		"id": "tile-flood-12",
		"parent": "tiles-pile",
		"deck": "tiles-deck",
		"cardType": "flood",
		"z": 429
	},
	"tile-funeral-01": {
		"type": "card",
		"id": "tile-funeral-01",
		"deck": "tiles-deck",
		"cardType": "funeral",
		"z": 351,
		"parent": "tiles-pile"
	},
	"tile-funeral-02": {
		"type": "card",
		"id": "tile-funeral-02",
		"deck": "tiles-deck",
		"cardType": "funeral",
		"z": 347,
		"parent": "tiles-pile"
	},
	"tile-god-01": {
		"type": "card",
		"id": "tile-god-01",
		"deck": "tiles-deck",
		"cardType": "god",
		"z": 247,
		"parent": "tiles-pile"
	},
	"tile-god-02": {
		"type": "card",
		"id": "tile-god-02",
		"parent": "tiles-pile",
		"deck": "tiles-deck",
		"cardType": "god",
		"z": 249
	},
	"tile-god-03": {
		"type": "card",
		"id": "tile-god-03",
		"parent": "tiles-pile",
		"deck": "tiles-deck",
		"cardType": "god",
		"z": 253
	},
	"tile-god-04": {
		"type": "card",
		"id": "tile-god-04",
		"parent": "tiles-pile",
		"deck": "tiles-deck",
		"cardType": "god",
		"z": 257
	},
	"tile-god-05": {
		"type": "card",
		"id": "tile-god-05",
		"parent": "tiles-pile",
		"deck": "tiles-deck",
		"cardType": "god",
		"z": 259
	},
	"tile-god-06": {
		"type": "card",
		"id": "tile-god-06",
		"deck": "tiles-deck",
		"cardType": "god",
		"z": 266,
		"parent": "tiles-pile"
	},
	"tile-god-07": {
		"type": "card",
		"id": "tile-god-07",
		"parent": "tiles-pile",
		"deck": "tiles-deck",
		"cardType": "god",
		"z": 255
	},
	"tile-god-08": {
		"type": "card",
		"id": "tile-god-08",
		"parent": "tiles-pile",
		"deck": "tiles-deck",
		"cardType": "god",
		"z": 251
	},
	"tile-gold-1": {
		"type": "card",
		"id": "tile-gold-1",
		"deck": "tiles-deck",
		"cardType": "gold",
		"z": 599,
		"parent": "tiles-pile"
	},
	"tile-gold-2": {
		"type": "card",
		"id": "tile-gold-2",
		"deck": "tiles-deck",
		"cardType": "gold",
		"z": 602,
		"parent": "tiles-pile"
	},
	"tile-gold-3": {
		"type": "card",
		"id": "tile-gold-3",
		"deck": "tiles-deck",
		"cardType": "gold",
		"z": 588,
		"parent": "tiles-pile"
	},
	"tile-gold-4": {
		"type": "card",
		"id": "tile-gold-4",
		"deck": "tiles-deck",
		"cardType": "gold",
		"z": 592,
		"parent": "tiles-pile"
	},
	"tile-gold-5": {
		"type": "card",
		"id": "tile-gold-5",
		"deck": "tiles-deck",
		"cardType": "gold",
		"z": 595,
		"parent": "tiles-pile"
	},
	"tile-monument-1-1": {
		"type": "card",
		"id": "tile-monument-1-1",
		"parent": "tiles-pile",
		"deck": "tiles-deck",
		"cardType": "monument-1",
		"z": 839
	},
	"tile-monument-1-2": {
		"type": "card",
		"id": "tile-monument-1-2",
		"parent": "tiles-pile",
		"deck": "tiles-deck",
		"cardType": "monument-1",
		"z": 841
	},
	"tile-monument-1-3": {
		"type": "card",
		"id": "tile-monument-1-3",
		"parent": "tiles-pile",
		"deck": "tiles-deck",
		"cardType": "monument-1",
		"z": 845
	},
	"tile-monument-1-4": {
		"type": "card",
		"id": "tile-monument-1-4",
		"parent": "tiles-pile",
		"deck": "tiles-deck",
		"cardType": "monument-1",
		"z": 843
	},
	"tile-monument-1-5": {
		"type": "card",
		"id": "tile-monument-1-5",
		"parent": "tiles-pile",
		"deck": "tiles-deck",
		"cardType": "monument-1",
		"z": 610
	},
	"tile-monument-2-1": {
		"type": "card",
		"id": "tile-monument-2-1",
		"parent": "tiles-pile",
		"deck": "tiles-deck",
		"cardType": "monument-2",
		"z": 849
	},
	"tile-monument-2-2": {
		"type": "card",
		"id": "tile-monument-2-2",
		"parent": "tiles-pile",
		"deck": "tiles-deck",
		"cardType": "monument-2",
		"z": 847
	},
	"tile-monument-2-3": {
		"type": "card",
		"id": "tile-monument-2-3",
		"parent": "tiles-pile",
		"deck": "tiles-deck",
		"cardType": "monument-2",
		"z": 851
	},
	"tile-monument-2-4": {
		"type": "card",
		"id": "tile-monument-2-4",
		"parent": "tiles-pile",
		"deck": "tiles-deck",
		"cardType": "monument-2",
		"z": 853
	},
	"tile-monument-2-5": {
		"type": "card",
		"id": "tile-monument-2-5",
		"parent": "tiles-pile",
		"deck": "tiles-deck",
		"cardType": "monument-2",
		"z": 622
	},
	"tile-monument-3-1": {
		"type": "card",
		"id": "tile-monument-3-1",
		"parent": "tiles-pile",
		"deck": "tiles-deck",
		"cardType": "monument-3",
		"z": 859
	},
	"tile-monument-3-2": {
		"type": "card",
		"id": "tile-monument-3-2",
		"parent": "tiles-pile",
		"deck": "tiles-deck",
		"cardType": "monument-3",
		"z": 861
	},
	"tile-monument-3-3": {
		"type": "card",
		"id": "tile-monument-3-3",
		"parent": "tiles-pile",
		"deck": "tiles-deck",
		"cardType": "monument-3",
		"z": 855
	},
	"tile-monument-3-4": {
		"type": "card",
		"id": "tile-monument-3-4",
		"parent": "tiles-pile",
		"deck": "tiles-deck",
		"cardType": "monument-3",
		"z": 857
	},
	"tile-monument-3-5": {
		"type": "card",
		"id": "tile-monument-3-5",
		"parent": "tiles-pile",
		"deck": "tiles-deck",
		"cardType": "monument-3",
		"z": 634
	},
	"tile-monument-4-1": {
		"type": "card",
		"id": "tile-monument-4-1",
		"parent": "tiles-pile",
		"deck": "tiles-deck",
		"cardType": "monument-4",
		"z": 865
	},
	"tile-monument-4-2": {
		"type": "card",
		"id": "tile-monument-4-2",
		"parent": "tiles-pile",
		"deck": "tiles-deck",
		"cardType": "monument-4",
		"z": 869
	},
	"tile-monument-4-3": {
		"type": "card",
		"id": "tile-monument-4-3",
		"parent": "tiles-pile",
		"deck": "tiles-deck",
		"cardType": "monument-4",
		"z": 863
	},
	"tile-monument-4-4": {
		"type": "card",
		"id": "tile-monument-4-4",
		"parent": "tiles-pile",
		"deck": "tiles-deck",
		"cardType": "monument-4",
		"z": 867
	},
	"tile-monument-4-5": {
		"type": "card",
		"id": "tile-monument-4-5",
		"parent": "tiles-pile",
		"deck": "tiles-deck",
		"cardType": "monument-4",
		"z": 644
	},
	"tile-monument-5-1": {
		"type": "card",
		"id": "tile-monument-5-1",
		"parent": "tiles-pile",
		"deck": "tiles-deck",
		"cardType": "monument-5",
		"z": 877
	},
	"tile-monument-5-2": {
		"type": "card",
		"id": "tile-monument-5-2",
		"parent": "tiles-pile",
		"deck": "tiles-deck",
		"cardType": "monument-5",
		"z": 873
	},
	"tile-monument-5-3": {
		"type": "card",
		"id": "tile-monument-5-3",
		"parent": "tiles-pile",
		"deck": "tiles-deck",
		"cardType": "monument-5",
		"z": 871
	},
	"tile-monument-5-4": {
		"type": "card",
		"id": "tile-monument-5-4",
		"parent": "tiles-pile",
		"deck": "tiles-deck",
		"cardType": "monument-5",
		"z": 875
	},
	"tile-monument-5-5": {
		"type": "card",
		"id": "tile-monument-5-5",
		"parent": "tiles-pile",
		"deck": "tiles-deck",
		"cardType": "monument-5",
		"z": 656
	},
	"tile-monument-6-1": {
		"type": "card",
		"id": "tile-monument-6-1",
		"parent": "tiles-pile",
		"deck": "tiles-deck",
		"cardType": "monument-6",
		"z": 883
	},
	"tile-monument-6-2": {
		"type": "card",
		"id": "tile-monument-6-2",
		"parent": "tiles-pile",
		"deck": "tiles-deck",
		"cardType": "monument-6",
		"z": 885
	},
	"tile-monument-6-3": {
		"type": "card",
		"id": "tile-monument-6-3",
		"parent": "tiles-pile",
		"deck": "tiles-deck",
		"cardType": "monument-6",
		"z": 881
	},
	"tile-monument-6-4": {
		"type": "card",
		"id": "tile-monument-6-4",
		"parent": "tiles-pile",
		"deck": "tiles-deck",
		"cardType": "monument-6",
		"z": 879
	},
  "tile-monument-6-5": {
		"type": "card",
		"id": "tile-monument-6-5",
		"parent": "tiles-pile",
		"deck": "tiles-deck",
		"cardType": "monument-6",
		"z": 879
	},
	"tile-monument-7-1": {
		"type": "card",
		"id": "tile-monument-7-1",
		"parent": "tiles-pile",
		"deck": "tiles-deck",
		"cardType": "monument-7",
		"z": 891
	},
	"tile-monument-7-2": {
		"type": "card",
		"id": "tile-monument-7-2",
		"parent": "tiles-pile",
		"deck": "tiles-deck",
		"cardType": "monument-7",
		"z": 889
	},
	"tile-monument-7-3": {
		"type": "card",
		"id": "tile-monument-7-3",
		"parent": "tiles-pile",
		"deck": "tiles-deck",
		"cardType": "monument-7",
		"z": 887
	},
	"tile-monument-7-4": {
		"type": "card",
		"id": "tile-monument-7-4",
		"parent": "tiles-pile",
		"deck": "tiles-deck",
		"cardType": "monument-7",
		"z": 893
	},
  "tile-monument-7-5": {
		"type": "card",
		"id": "tile-monument-7-5",
		"parent": "tiles-pile",
		"deck": "tiles-deck",
		"cardType": "monument-7",
		"z": 893
	},
	"tile-monument-8-1": {
		"type": "card",
		"id": "tile-monument-8-1",
		"parent": "tiles-pile",
		"deck": "tiles-deck",
		"cardType": "monument-8",
		"z": 678
	},
	"tile-monument-8-2": {
		"type": "card",
		"id": "tile-monument-8-2",
		"parent": "tiles-pile",
		"deck": "tiles-deck",
		"cardType": "monument-8",
		"z": 680
	},
  "tile-monument-8-3": {
		"type": "card",
		"id": "tile-monument-8-3",
		"parent": "tiles-pile",
		"deck": "tiles-deck",
		"cardType": "monument-8",
		"z": 680
	},
  "tile-monument-8-4": {
		"type": "card",
		"id": "tile-monument-8-4",
		"parent": "tiles-pile",
		"deck": "tiles-deck",
		"cardType": "monument-8",
		"z": 680
	},
  "tile-monument-8-5": {
		"type": "card",
		"id": "tile-monument-8-5",
		"parent": "tiles-pile",
		"deck": "tiles-deck",
		"cardType": "monument-8",
		"z": 680
	},
	"tile-nile-01": {
		"type": "card",
		"id": "tile-nile-01",
		"parent": "tiles-pile",
		"deck": "tiles-deck",
		"cardType": "nile",
		"z": 395
	},
	"tile-nile-02": {
		"type": "card",
		"id": "tile-nile-02",
		"parent": "tiles-pile",
		"deck": "tiles-deck",
		"cardType": "nile",
		"z": 381
	},
	"tile-nile-03": {
		"type": "card",
		"id": "tile-nile-03",
		"parent": "tiles-pile",
		"deck": "tiles-deck",
		"cardType": "nile",
		"z": 373
	},
	"tile-nile-04": {
		"type": "card",
		"id": "tile-nile-04",
		"parent": "tiles-pile",
		"deck": "tiles-deck",
		"cardType": "nile",
		"z": 391
	},
	"tile-nile-05": {
		"type": "card",
		"id": "tile-nile-05",
		"parent": "tiles-pile",
		"deck": "tiles-deck",
		"cardType": "nile",
		"z": 397
	},
	"tile-nile-06": {
		"type": "card",
		"id": "tile-nile-06",
		"parent": "tiles-pile",
		"deck": "tiles-deck",
		"cardType": "nile",
		"z": 379
	},
	"tile-nile-07": {
		"type": "card",
		"id": "tile-nile-07",
		"parent": "tiles-pile",
		"deck": "tiles-deck",
		"cardType": "nile",
		"z": 383
	},
	"tile-nile-08": {
		"type": "card",
		"id": "tile-nile-08",
		"parent": "tiles-pile",
		"deck": "tiles-deck",
		"cardType": "nile",
		"z": 359
	},
	"tile-nile-09": {
		"type": "card",
		"id": "tile-nile-09",
		"parent": "tiles-pile",
		"deck": "tiles-deck",
		"cardType": "nile",
		"z": 387
	},
	"tile-nile-10": {
		"type": "card",
		"id": "tile-nile-10",
		"parent": "tiles-pile",
		"deck": "tiles-deck",
		"cardType": "nile",
		"z": 365
	},
	"tile-nile-11": {
		"type": "card",
		"id": "tile-nile-11",
		"parent": "tiles-pile",
		"deck": "tiles-deck",
		"cardType": "nile",
		"z": 399
	},
	"tile-nile-12": {
		"type": "card",
		"id": "tile-nile-12",
		"parent": "tiles-pile",
		"deck": "tiles-deck",
		"cardType": "nile",
		"z": 363
	},
	"tile-nile-13": {
		"type": "card",
		"id": "tile-nile-13",
		"parent": "tiles-pile",
		"deck": "tiles-deck",
		"cardType": "nile",
		"z": 377
	},
	"tile-nile-14": {
		"type": "card",
		"id": "tile-nile-14",
		"parent": "tiles-pile",
		"deck": "tiles-deck",
		"cardType": "nile",
		"z": 355
	},
	"tile-nile-15": {
		"type": "card",
		"id": "tile-nile-15",
		"parent": "tiles-pile",
		"deck": "tiles-deck",
		"cardType": "nile",
		"z": 369
	},
	"tile-nile-16": {
		"type": "card",
		"id": "tile-nile-16",
		"deck": "tiles-deck",
		"cardType": "nile",
		"z": 415,
		"parent": "tiles-pile"
	},
	"tile-nile-17": {
		"type": "card",
		"id": "tile-nile-17",
		"parent": "tiles-pile",
		"deck": "tiles-deck",
		"cardType": "nile",
		"z": 375
	},
	"tile-nile-18": {
		"type": "card",
		"id": "tile-nile-18",
		"parent": "tiles-pile",
		"deck": "tiles-deck",
		"cardType": "nile",
		"z": 353
	},
	"tile-nile-19": {
		"type": "card",
		"id": "tile-nile-19",
		"parent": "tiles-pile",
		"deck": "tiles-deck",
		"cardType": "nile",
		"z": 357
	},
	"tile-nile-20": {
		"type": "card",
		"id": "tile-nile-20",
		"parent": "tiles-pile",
		"deck": "tiles-deck",
		"cardType": "nile",
		"z": 367
	},
	"tile-nile-21": {
		"type": "card",
		"id": "tile-nile-21",
		"parent": "tiles-pile",
		"deck": "tiles-deck",
		"cardType": "nile",
		"z": 371
	},
	"tile-nile-22": {
		"type": "card",
		"id": "tile-nile-22",
		"parent": "tiles-pile",
		"deck": "tiles-deck",
		"cardType": "nile",
		"z": 361
	},
	"tile-nile-23": {
		"type": "card",
		"id": "tile-nile-23",
		"parent": "tiles-pile",
		"deck": "tiles-deck",
		"cardType": "nile",
		"z": 393
	},
	"tile-nile-24": {
		"type": "card",
		"id": "tile-nile-24",
		"parent": "tiles-pile",
		"deck": "tiles-deck",
		"cardType": "nile",
		"z": 389
	},
	"tile-nile-25": {
		"type": "card",
		"id": "tile-nile-25",
		"parent": "tiles-pile",
		"deck": "tiles-deck",
		"cardType": "nile",
		"z": 385
	},
	"tile-pharaoh-01": {
		"type": "card",
		"id": "tile-pharaoh-01",
		"parent": "tiles-pile",
		"deck": "tiles-deck",
		"cardType": "pharaoh",
		"z": 274
	},
	"tile-pharaoh-02": {
		"type": "card",
		"id": "tile-pharaoh-02",
		"parent": "tiles-pile",
		"deck": "tiles-deck",
		"cardType": "pharaoh",
		"z": 831
	},
	"tile-pharaoh-03": {
		"type": "card",
		"id": "tile-pharaoh-03",
		"parent": "tiles-pile",
		"deck": "tiles-deck",
		"cardType": "pharaoh",
		"z": 837
	},
	"tile-pharaoh-04": {
		"type": "card",
		"id": "tile-pharaoh-04",
		"parent": "tiles-pile",
		"deck": "tiles-deck",
		"cardType": "pharaoh",
		"z": 835
	},
	"tile-pharaoh-05": {
		"type": "card",
		"id": "tile-pharaoh-05",
		"parent": "tiles-pile",
		"deck": "tiles-deck",
		"cardType": "pharaoh",
		"z": 833
	},
	"tile-pharaoh-06": {
		"type": "card",
		"id": "tile-pharaoh-06",
		"parent": "tiles-pile",
		"deck": "tiles-deck",
		"cardType": "pharaoh",
		"z": 829
	},
	"tile-pharaoh-07": {
		"type": "card",
		"id": "tile-pharaoh-07",
		"parent": "tiles-pile",
		"deck": "tiles-deck",
		"cardType": "pharaoh",
		"z": 304
	},
	"tile-pharaoh-08": {
		"type": "card",
		"id": "tile-pharaoh-08",
		"parent": "tiles-pile",
		"deck": "tiles-deck",
		"cardType": "pharaoh",
		"z": 312
	},
	"tile-pharaoh-09": {
		"type": "card",
		"id": "tile-pharaoh-09",
		"parent": "tiles-pile",
		"deck": "tiles-deck",
		"cardType": "pharaoh",
		"z": 286
	},
	"tile-pharaoh-10": {
		"type": "card",
		"id": "tile-pharaoh-10",
		"parent": "tiles-pile",
		"deck": "tiles-deck",
		"cardType": "pharaoh",
		"z": 280
	},
	"tile-pharaoh-11": {
		"type": "card",
		"id": "tile-pharaoh-11",
		"parent": "tiles-pile",
		"deck": "tiles-deck",
		"cardType": "pharaoh",
		"z": 278
	},
	"tile-pharaoh-12": {
		"type": "card",
		"id": "tile-pharaoh-12",
		"parent": "tiles-pile",
		"deck": "tiles-deck",
		"cardType": "pharaoh",
		"z": 310
	},
	"tile-pharaoh-13": {
		"type": "card",
		"id": "tile-pharaoh-13",
		"parent": "tiles-pile",
		"deck": "tiles-deck",
		"cardType": "pharaoh",
		"z": 284
	},
	"tile-pharaoh-14": {
		"type": "card",
		"id": "tile-pharaoh-14",
		"parent": "tiles-pile",
		"deck": "tiles-deck",
		"cardType": "pharaoh",
		"z": 314
	},
	"tile-pharaoh-15": {
		"type": "card",
		"id": "tile-pharaoh-15",
		"parent": "tiles-pile",
		"deck": "tiles-deck",
		"cardType": "pharaoh",
		"z": 294
	},
	"tile-pharaoh-16": {
		"type": "card",
		"id": "tile-pharaoh-16",
		"parent": "tiles-pile",
		"deck": "tiles-deck",
		"cardType": "pharaoh",
		"z": 290
	},
	"tile-pharaoh-17": {
		"type": "card",
		"id": "tile-pharaoh-17",
		"parent": "tiles-pile",
		"deck": "tiles-deck",
		"cardType": "pharaoh",
		"z": 268
	},
	"tile-pharaoh-18": {
		"type": "card",
		"id": "tile-pharaoh-18",
		"deck": "tiles-deck",
		"cardType": "pharaoh",
		"z": 344,
		"parent": "tiles-pile"
	},
	"tile-pharaoh-19": {
		"type": "card",
		"id": "tile-pharaoh-19",
		"parent": "tiles-pile",
		"deck": "tiles-deck",
		"cardType": "pharaoh",
		"z": 296
	},
	"tile-pharaoh-20": {
		"type": "card",
		"id": "tile-pharaoh-20",
		"parent": "tiles-pile",
		"deck": "tiles-deck",
		"cardType": "pharaoh",
		"z": 300
	},
	"tile-pharaoh-21": {
		"type": "card",
		"id": "tile-pharaoh-21",
		"parent": "tiles-pile",
		"deck": "tiles-deck",
		"cardType": "pharaoh",
		"z": 306
	},
	"tile-pharaoh-22": {
		"type": "card",
		"id": "tile-pharaoh-22",
		"parent": "tiles-pile",
		"deck": "tiles-deck",
		"cardType": "pharaoh",
		"z": 302
	},
	"tile-pharaoh-23": {
		"type": "card",
		"id": "tile-pharaoh-23",
		"parent": "tiles-pile",
		"deck": "tiles-deck",
		"cardType": "pharaoh",
		"z": 276
	},
	"tile-pharaoh-24": {
		"type": "card",
		"id": "tile-pharaoh-24",
		"parent": "tiles-pile",
		"deck": "tiles-deck",
		"cardType": "pharaoh",
		"z": 292
	},
	"tile-pharaoh-25": {
		"type": "card",
		"id": "tile-pharaoh-25",
		"parent": "tiles-pile",
		"deck": "tiles-deck",
		"cardType": "pharaoh",
		"z": 282
	},
	"tile-ra-01": {
		"type": "card",
		"id": "tile-ra-01",
		"deck": "tiles-deck",
		"cardType": "ra",
		"z": 174,
		"parent": "tiles-pile"
	},
	"tile-ra-02": {
		"type": "card",
		"id": "tile-ra-02",
		"deck": "tiles-deck",
		"cardType": "ra",
		"z": 175,
		"parent": "tiles-pile"
	},
	"tile-ra-03": {
		"type": "card",
		"id": "tile-ra-03",
		"parent": "tiles-pile",
		"deck": "tiles-deck",
		"cardType": "ra",
		"z": 225
	},
	"tile-ra-04": {
		"type": "card",
		"id": "tile-ra-04",
		"parent": "tiles-pile",
		"deck": "tiles-deck",
		"cardType": "ra",
		"z": 181
	},
	"tile-ra-05": {
		"type": "card",
		"id": "tile-ra-05",
		"deck": "tiles-deck",
		"cardType": "ra",
		"z": 236,
		"parent": "tiles-pile"
	},
	"tile-ra-06": {
		"type": "card",
		"id": "tile-ra-06",
		"parent": "tiles-pile",
		"deck": "tiles-deck",
		"cardType": "ra",
		"z": 191
	},
	"tile-ra-07": {
		"type": "card",
		"id": "tile-ra-07",
		"parent": "tiles-pile",
		"deck": "tiles-deck",
		"cardType": "ra",
		"z": 189
	},
	"tile-ra-08": {
		"type": "card",
		"id": "tile-ra-08",
		"parent": "tiles-pile",
		"deck": "tiles-deck",
		"cardType": "ra",
		"z": 211
	},
	"tile-ra-09": {
		"type": "card",
		"id": "tile-ra-09",
		"parent": "tiles-pile",
		"deck": "tiles-deck",
		"cardType": "ra",
		"z": 199
	},
	"tile-ra-10": {
		"type": "card",
		"id": "tile-ra-10",
		"parent": "tiles-pile",
		"deck": "tiles-deck",
		"cardType": "ra",
		"z": 207
	},
	"tile-ra-11": {
		"type": "card",
		"id": "tile-ra-11",
		"parent": "tiles-pile",
		"deck": "tiles-deck",
		"cardType": "ra",
		"z": 187
	},
	"tile-ra-12": {
		"type": "card",
		"id": "tile-ra-12",
		"parent": "tiles-pile",
		"deck": "tiles-deck",
		"cardType": "ra",
		"z": 227
	},
	"tile-ra-13": {
		"type": "card",
		"id": "tile-ra-13",
		"parent": "tiles-pile",
		"deck": "tiles-deck",
		"cardType": "ra",
		"z": 183
	},
	"tile-ra-14": {
		"type": "card",
		"id": "tile-ra-14",
		"parent": "tiles-pile",
		"deck": "tiles-deck",
		"cardType": "ra",
		"z": 213
	},
	"tile-ra-15": {
		"type": "card",
		"id": "tile-ra-15",
		"parent": "tiles-pile",
		"deck": "tiles-deck",
		"cardType": "ra",
		"z": 193
	},
	"tile-ra-16": {
		"type": "card",
		"id": "tile-ra-16",
		"parent": "tiles-pile",
		"deck": "tiles-deck",
		"cardType": "ra",
		"z": 221
	},
	"tile-ra-17": {
		"type": "card",
		"id": "tile-ra-17",
		"parent": "tiles-pile",
		"deck": "tiles-deck",
		"cardType": "ra",
		"z": 217
	},
	"tile-ra-18": {
		"type": "card",
		"id": "tile-ra-18",
		"parent": "tiles-pile",
		"deck": "tiles-deck",
		"cardType": "ra",
		"z": 223
	},
	"tile-ra-19": {
		"type": "card",
		"id": "tile-ra-19",
		"parent": "tiles-pile",
		"deck": "tiles-deck",
		"cardType": "ra",
		"z": 219
	},
	"tile-ra-20": {
		"type": "card",
		"id": "tile-ra-20",
		"parent": "tiles-pile",
		"deck": "tiles-deck",
		"cardType": "ra",
		"z": 215
	},
	"tile-ra-21": {
		"type": "card",
		"id": "tile-ra-21",
		"parent": "tiles-pile",
		"deck": "tiles-deck",
		"cardType": "ra",
		"z": 203
	},
	"tile-ra-22": {
		"type": "card",
		"id": "tile-ra-22",
		"parent": "tiles-pile",
		"deck": "tiles-deck",
		"cardType": "ra",
		"z": 201
	},
	"tile-ra-23": {
		"type": "card",
		"id": "tile-ra-23",
		"parent": "tiles-pile",
		"deck": "tiles-deck",
		"cardType": "ra",
		"z": 197
	},
	"tile-ra-24": {
		"type": "card",
		"id": "tile-ra-24",
		"parent": "tiles-pile",
		"deck": "tiles-deck",
		"cardType": "ra",
		"z": 205
	},
	"tile-ra-25": {
		"type": "card",
		"id": "tile-ra-25",
		"parent": "tiles-pile",
		"deck": "tiles-deck",
		"cardType": "ra",
		"z": 185
	},
	"tile-ra-26": {
		"type": "card",
		"id": "tile-ra-26",
		"parent": "tiles-pile",
		"deck": "tiles-deck",
		"cardType": "ra",
		"z": 177
	},
	"tile-ra-27": {
		"type": "card",
		"id": "tile-ra-27",
		"parent": "tiles-pile",
		"deck": "tiles-deck",
		"cardType": "ra",
		"z": 209
	},
	"tile-ra-28": {
		"type": "card",
		"id": "tile-ra-28",
		"deck": "tiles-deck",
		"cardType": "ra",
		"z": 239,
		"parent": "tiles-pile"
	},
	"tile-ra-29": {
		"type": "card",
		"id": "tile-ra-29",
		"parent": "tiles-pile",
		"deck": "tiles-deck",
		"cardType": "ra",
		"z": 195
	},
	"tile-ra-30": {
		"type": "card",
		"id": "tile-ra-30",
		"parent": "tiles-pile",
		"deck": "tiles-deck",
		"cardType": "ra",
		"z": 179
	},
	"tile-unrest-1": {
		"type": "card",
		"id": "tile-unrest-1",
		"deck": "tiles-deck",
		"cardType": "unrest",
		"z": 584,
		"parent": "tiles-pile"
	},
	"tile-unrest-2": {
		"type": "card",
		"id": "tile-unrest-2",
		"deck": "tiles-deck",
		"cardType": "unrest",
		"z": 581,
		"parent": "tiles-pile"
	},
	"tile-unrest-3": {
		"type": "card",
		"id": "tile-unrest-3",
		"deck": "tiles-deck",
		"cardType": "unrest",
		"z": 577,
		"parent": "tiles-pile"
	},
	"tile-unrest-4": {
		"type": "card",
		"id": "tile-unrest-4",
		"deck": "tiles-deck",
		"cardType": "unrest",
		"z": 572,
		"parent": "tiles-pile"
	},
	"tiles-deck": {
		"type": "deck",
		"id": "tiles-deck",
		"parent": "tiles-holder",
		"cardTypes": {
			"ra": {
				"image": "https://raw.githubusercontent.com/andypymont/vtt-games/main/ra/assets/tile-ra.svg"
			},
			"god": {
				"image": "https://raw.githubusercontent.com/andypymont/vtt-games/main/ra/assets/tile-god.svg"
			},
			"pharaoh": {
				"image": "https://raw.githubusercontent.com/andypymont/vtt-games/main/ra/assets/tile-pharaoh.svg"
			},
			"funeral": {
				"image": "https://raw.githubusercontent.com/andypymont/vtt-games/main/ra/assets/tile-funeral.svg"
			},
			"nile": {
				"image": "https://raw.githubusercontent.com/andypymont/vtt-games/main/ra/assets/tile-nile.svg"
			},
			"flood": {
				"image": "https://raw.githubusercontent.com/andypymont/vtt-games/main/ra/assets/tile-flood.svg"
			},
			"drought": {
				"image": "https://raw.githubusercontent.com/andypymont/vtt-games/main/ra/assets/tile-drought.svg"
			},
			"civ-1": {
				"image": "https://raw.githubusercontent.com/andypymont/vtt-games/main/ra/assets/tile-civ-1.svg"
			},
			"civ-2": {
				"image": "https://raw.githubusercontent.com/andypymont/vtt-games/main/ra/assets/tile-civ-2.svg"
			},
			"civ-3": {
				"image": "https://raw.githubusercontent.com/andypymont/vtt-games/main/ra/assets/tile-civ-3.svg"
			},
			"civ-4": {
				"image": "https://raw.githubusercontent.com/andypymont/vtt-games/main/ra/assets/tile-civ-4.svg"
			},
			"civ-5": {
				"image": "https://raw.githubusercontent.com/andypymont/vtt-games/main/ra/assets/tile-civ-5.svg"
			},
			"unrest": {
				"image": "https://raw.githubusercontent.com/andypymont/vtt-games/main/ra/assets/tile-unrest.svg"
			},
			"gold": {
				"image": "https://raw.githubusercontent.com/andypymont/vtt-games/main/ra/assets/tile-gold.svg"
			},
			"monument-1": {
				"image": "https://raw.githubusercontent.com/andypymont/vtt-games/main/ra/assets/tile-monument-1.svg"
			},
			"monument-2": {
				"image": "https://raw.githubusercontent.com/andypymont/vtt-games/main/ra/assets/tile-monument-2.svg"
			},
			"monument-3": {
				"image": "https://raw.githubusercontent.com/andypymont/vtt-games/main/ra/assets/tile-monument-3.svg"
			},
			"monument-4": {
				"image": "https://raw.githubusercontent.com/andypymont/vtt-games/main/ra/assets/tile-monument-4.svg"
			},
			"monument-5": {
				"image": "https://raw.githubusercontent.com/andypymont/vtt-games/main/ra/assets/tile-monument-5.svg"
			},
			"monument-6": {
				"image": "https://raw.githubusercontent.com/andypymont/vtt-games/main/ra/assets/tile-monument-6.svg"
			},
			"monument-7": {
				"image": "https://raw.githubusercontent.com/andypymont/vtt-games/main/ra/assets/tile-monument-7.svg"
			},
			"monument-8": {
				"image": "https://raw.githubusercontent.com/andypymont/vtt-games/main/ra/assets/tile-monument-8.svg"
			},
			"earthquake": {
				"image": "https://raw.githubusercontent.com/andypymont/vtt-games/main/ra/assets/tile-earthquake.svg"
			}
		},
		"faceTemplates": [
			{
				"border": false,
				"radius": false,
				"objects": [
					{
						"type": "image",
						"x": 0,
						"y": 0,
						"width": 60,
						"height": 60,
						"value": "https://raw.githubusercontent.com/andypymont/vtt-games/main/ra/assets/tile-back.svg",
						"color": "transparent"
					}
				]
			},
			{
				"border": false,
				"radius": false,
				"objects": [
					{
						"type": "image",
						"x": 0,
						"y": 0,
						"width": 60,
						"height": 60,
						"color": "transparent",
						"dynamicProperties": {
							"value": "image"
						}
					}
				]
			}
		],
		"width": 60,
		"height": 60,
		"movableInEdit": false,
		"cardDefaults": {
			"height": 60,
			"width": 60
		}
	},
	"tiles-discard": {
		"type": "holder",
		"id": "tiles-discard",
		"x": 10,
		"y": 10,
		"width": 70,
		"height": 70,
		"dropTarget": {
			"type": "card",
			"deck": "tiles-deck"
		},
		"onEnter": {
			"activeFace": 0
		},
		"onLeave": {
			"activeFace": 1
		}
	},
	"tiles-holder": {
		"type": "holder",
		"id": "tiles-holder",
		"x": 10,
		"y": 100,
		"dropTarget": {
			"type": "card",
			"deck": "tiles-deck"
		},
		"width": 70,
		"height": 70,
		"onEnter": {
			"activeFace": 0
		},
		"onLeave": {
			"activeFace": 1
		}
	},
	"tiles-pile": {
		"type": "pile",
		"id": "tiles-pile",
		"parent": "tiles-holder",
		"width": 60,
		"height": 60
	}
}