{
  "_meta": {
    "version": 1,
    "info": {
      "name": "Babylonia",
      "image": "",
      "rules": "",
      "bgg": "",
      "year": "2019",
      "mode": "vs",
      "time": "60",
      "players": "2",
      "language": "UN",
      "variant": "",
      "attribution": ""
    }
  },
  "5mx0": {
    "image": "https://github.com/andypymont/vtt-games/raw/main/babylonia/assets/map-2p.svg",
    "movable": false,
    "width": 912.309,
    "height": 729.461,
    "layer": -4,
    "id": "5mx0",
    "z": 9145,
    "x": 540,
    "y": 140
  },
  "s9y9": {
    "type": "holder",
    "id": "s9y9",
    "x": 1468.5,
    "y": 222.5,
    "dropTarget": {
      "tiletype": "citycrop"
    },
    "z": 147,
    "height": 75,
    "width": 75,
    "onEnter": {
      "activeFace": 0
    },
    "onLeave": {
      "activeFace": 1
    }
  },
  "s9y9B": {
    "id": "s9y9B",
    "parent": "s9y9",
    "y": -50,
    "width": 111,
    "height": 40,
    "type": "button",
    "text": "Recall & Shuffle",
    "movableInEdit": false,
    "clickRoutine": [
      {
        "func": "RECALL",
        "holder": "s9y9"
      },
      {
        "func": "FLIP",
        "holder": "s9y9",
        "face": 0
      },
      {
        "func": "SHUFFLE",
        "holder": "s9y9"
      }
    ]
  },
  "s9y9D": {
    "type": "deck",
    "id": "s9y9D",
    "x": 4,
    "y": 4,
    "cardTypes": {
      "crop-5": {
        "image": "https://github.com/andypymont/vtt-games/raw/main/babylonia/assets/crop-5.svg"
      },
      "crop-6": {
        "image": "https://github.com/andypymont/vtt-games/raw/main/babylonia/assets/crop-6.svg"
      },
      "crop-7": {
        "image": "https://github.com/andypymont/vtt-games/raw/main/babylonia/assets/crop-7.svg"
      },
      "crop-X": {
        "image": "https://github.com/andypymont/vtt-games/raw/main/babylonia/assets/crop-x.svg"
      },
      "city-pot": {
        "image": "https://github.com/andypymont/vtt-games/raw/main/babylonia/assets/city-pot.svg"
      },
      "city-star": {
        "image": "https://github.com/andypymont/vtt-games/raw/main/babylonia/assets/city-star.svg"
      },
      "city-crown": {
        "image": "https://github.com/andypymont/vtt-games/raw/main/babylonia/assets/city-crown.svg"
      },
      "city-star-pot": {
        "image": "https://github.com/andypymont/vtt-games/raw/main/babylonia/assets/city-star-pot.svg"
      },
      "city-crown-pot": {
        "image": "https://github.com/andypymont/vtt-games/raw/main/babylonia/assets/city-crown-pot.svg"
      },
      "city-crown-star": {
        "image": "https://github.com/andypymont/vtt-games/raw/main/babylonia/assets/city-crown-star.svg"
      },
      "city-all": {
        "image": "https://github.com/andypymont/vtt-games/raw/main/babylonia/assets/city-all.svg"
      }
    },
    "faceTemplates": [
      {
        "border": false,
        "radius": false,
        "objects": [
          {
            "type": "image",
            "x": 0,
            "y": 0,
            "width": 72.309,
            "height": 62.622,
            "valueType": "static",
            "value": "https://github.com/andypymont/vtt-games/raw/main/babylonia/assets/citycrop-back.svg",
            "color": "transparent"
          }
        ]
      },
      {
        "border": false,
        "radius": false,
        "objects": [
          {
            "type": "image",
            "x": 0,
            "y": 0,
            "width": 72.309,
            "height": 62.622,
            "valueType": "dynamic",
            "value": "image",
            "color": "transparent"
          }
        ]
      }
    ],
    "z": 10171,
    "parent": "s9y9",
    "cardDefaults": {
      "tiletype": "citycrop",
      "height": 62.622,
      "width": 72.309,
      "grid": [
        {
          "x": 105,
          "y": 60.622,
          "offsetX": 67.5,
          "offsetY": 50,
          "minX": 540,
          "maxX": 1453,
          "minY": 140,
          "maxY": 870
        },
        {
          "x": 105,
          "y": 60.622,
          "offsetX": 120.2,
          "offsetY": 80.311,
          "minX": 540,
          "maxX": 1453,
          "minY": 140,
          "maxY": 870
        }
      ]
    }
  },
  "epm6": {
    "deck": "s9y9D",
    "type": "card",
    "cardType": "crop-5",
    "id": "epm6",
    "z": 2260,
    "parent": "o7vz"
  },
  "jyge": {
    "deck": "s9y9D",
    "type": "card",
    "cardType": "crop-6",
    "id": "jyge",
    "z": 299,
    "parent": "o7vz"
  },
  "er76": {
    "deck": "s9y9D",
    "type": "card",
    "cardType": "crop-7",
    "id": "er76",
    "z": 2653,
    "parent": "o7vz"
  },
  "rcni": {
    "deck": "s9y9D",
    "type": "card",
    "cardType": "crop-X",
    "id": "rcni",
    "z": 8550,
    "parent": "o7vz"
  },
  "wrpq": {
    "deck": "s9y9D",
    "type": "card",
    "cardType": "crop-X",
    "id": "wrpq",
    "z": 208,
    "parent": "o7vz"
  },
  "10jf": {
    "deck": "s9y9D",
    "type": "card",
    "cardType": "crop-X",
    "id": "10jf",
    "z": 822,
    "parent": "o7vz"
  },
  "672n": {
    "deck": "s9y9D",
    "type": "card",
    "cardType": "city-pot",
    "id": "672n",
    "z": 3340,
    "parent": "o7vz"
  },
  "iulp": {
    "deck": "s9y9D",
    "type": "card",
    "cardType": "city-pot",
    "id": "iulp",
    "z": 701,
    "parent": "o7vz"
  },
  "wcw9": {
    "deck": "s9y9D",
    "type": "card",
    "cardType": "city-star",
    "id": "wcw9",
    "z": 2793,
    "parent": "o7vz"
  },
  "e8qt": {
    "deck": "s9y9D",
    "type": "card",
    "cardType": "city-star",
    "id": "e8qt",
    "z": 515,
    "parent": "o7vz"
  },
  "ular": {
    "deck": "s9y9D",
    "type": "card",
    "cardType": "city-crown",
    "id": "ular",
    "z": 5179,
    "parent": "o7vz"
  },
  "9if9": {
    "deck": "s9y9D",
    "type": "card",
    "cardType": "city-crown",
    "id": "9if9",
    "z": 2356,
    "parent": "o7vz"
  },
  "n805": {
    "deck": "s9y9D",
    "type": "card",
    "cardType": "city-star-pot",
    "id": "n805",
    "z": 9251,
    "parent": "o7vz"
  },
  "82cj": {
    "deck": "s9y9D",
    "type": "card",
    "cardType": "city-star-pot",
    "id": "82cj",
    "z": 5125,
    "parent": "o7vz"
  },
  "tbsd": {
    "deck": "s9y9D",
    "type": "card",
    "cardType": "city-crown-pot",
    "id": "tbsd",
    "z": 922,
    "parent": "o7vz"
  },
  "2ng0": {
    "deck": "s9y9D",
    "type": "card",
    "cardType": "city-crown-pot",
    "id": "2ng0",
    "z": 7256,
    "parent": "o7vz"
  },
  "c3om": {
    "deck": "s9y9D",
    "type": "card",
    "cardType": "city-crown-star",
    "id": "c3om",
    "z": 7963,
    "parent": "o7vz"
  },
  "0c1a": {
    "deck": "s9y9D",
    "type": "card",
    "cardType": "city-crown-star",
    "id": "0c1a",
    "z": 9915,
    "parent": "o7vz"
  },
  "3lhw": {
    "type": "holder",
    "id": "3lhw",
    "x": 1470,
    "y": 56,
    "dropTarget": {
      "tiletype": "ziggurat"
    },
    "z": 145,
    "width": 100,
    "height": 100,
    "onEnter": {
      "activeFace": 0
    },
    "onLeave": {
      "activeFace": 1
    }
  },
  "3lhwB": {
    "id": "3lhwB",
    "parent": "3lhw",
    "y": -50,
    "width": 111,
    "height": 40,
    "type": "button",
    "text": "Recall & Shuffle",
    "movableInEdit": false,
    "clickRoutine": [
      {
        "func": "RECALL",
        "holder": "3lhw"
      },
      {
        "func": "FLIP",
        "holder": "3lhw",
        "face": 0
      },
      {
        "func": "SHUFFLE",
        "holder": "3lhw"
      }
    ]
  },
  "3lhwD": {
    "type": "deck",
    "id": "3lhwD",
    "x": 4,
    "y": 4,
    "cardTypes": {
      "Z1": {
        "image": "https://raw.githubusercontent.com/andypymont/vtt-games/main/babylonia/assets/ziggurat-1.svg"
      },
      "Z2": {
        "image": "https://raw.githubusercontent.com/andypymont/vtt-games/main/babylonia/assets/ziggurat-2.svg"
      },
      "Z3": {
        "image": "https://raw.githubusercontent.com/andypymont/vtt-games/main/babylonia/assets/ziggurat-3.svg"
      },
      "Z4": {
        "image": "https://raw.githubusercontent.com/andypymont/vtt-games/main/babylonia/assets/ziggurat-4.svg"
      },
      "Z5": {
        "image": "https://raw.githubusercontent.com/andypymont/vtt-games/main/babylonia/assets/ziggurat-5.svg"
      },
      "Z6": {
        "image": "https://raw.githubusercontent.com/andypymont/vtt-games/main/babylonia/assets/ziggurat-6.svg"
      },
      "Z7": {
        "image": "https://raw.githubusercontent.com/andypymont/vtt-games/main/babylonia/assets/ziggurat-7.svg"
      },
      "Z8": {
        "image": "https://raw.githubusercontent.com/andypymont/vtt-games/main/babylonia/assets/ziggurat-8.svg"
      },
      "Z9": {
        "image": "https://raw.githubusercontent.com/andypymont/vtt-games/main/babylonia/assets/ziggurat-9.svg"
      }
    },
    "faceTemplates": [
      {
        "border": false,
        "radius": false,
        "objects": [
          {
            "type": "image",
            "x": 0,
            "y": 0,
            "width": 100,
            "height": 100,
            "valueType": "static",
            "value": "https://raw.githubusercontent.com/andypymont/vtt-games/main/babylonia/assets/ziggurat-back.svg",
            "color": "transparent"
          }
        ]
      },
      {
        "border": false,
        "radius": false,
        "objects": [
          {
            "type": "image",
            "x": 0,
            "y": 0,
            "width": 100,
            "height": 100,
            "valueType": "dynamic",
            "value": "image",
            "color": "transparent"
          }
        ]
      }
    ],
    "z": 11568,
    "cardDefaults": {
      "tiletype": "ziggurat",
      "height": 100,
      "width": 100
    },
    "parent": "3lhw"
  },
  "aytj": {
    "deck": "3lhwD",
    "type": "card",
    "cardType": "Z1",
    "id": "aytj",
    "z": 11794,
    "x": 4,
    "y": 4,
    "parent": "yjpf",
    "activeFace": 1
  },
  "nz1t": {
    "deck": "3lhwD",
    "type": "card",
    "cardType": "Z2",
    "id": "nz1t",
    "z": 11689,
    "x": 4,
    "y": 4,
    "activeFace": 1,
    "parent": "mzg5"
  },
  "1kf5": {
    "deck": "3lhwD",
    "type": "card",
    "cardType": "Z3",
    "id": "1kf5",
    "z": 11687,
    "x": 4,
    "y": 4,
    "activeFace": 1,
    "parent": "5bh8"
  },
  "hp1x": {
    "deck": "3lhwD",
    "type": "card",
    "cardType": "Z4",
    "id": "hp1x",
    "z": 11581,
    "x": 4,
    "y": 4,
    "parent": "ikm2",
    "activeFace": 1
  },
  "ucnw": {
    "deck": "3lhwD",
    "type": "card",
    "cardType": "Z5",
    "id": "ucnw",
    "z": 10976,
    "activeFace": 1,
    "y": 4,
    "x": 4,
    "parent": "8kkp"
  },
  "9cep": {
    "deck": "3lhwD",
    "type": "card",
    "cardType": "Z6",
    "id": "9cep",
    "z": 10198,
    "x": 4,
    "y": 4,
    "activeFace": 1,
    "parent": "qj98"
  },
  "e75s": {
    "deck": "3lhwD",
    "type": "card",
    "cardType": "Z7",
    "id": "e75s",
    "z": 11691,
    "x": 4,
    "y": 4,
    "activeFace": 1,
    "parent": "dm09"
  },
  "87kb": {
    "deck": "3lhwD",
    "type": "card",
    "cardType": "Z8",
    "id": "87kb",
    "z": 11812,
    "parent": "i7t9"
  },
  "ubn5": {
    "deck": "3lhwD",
    "type": "card",
    "cardType": "Z9",
    "id": "ubn5",
    "z": 11296,
    "parent": "i7t9"
  },
  "yjpf": {
    "type": "holder",
    "x": 610,
    "y": 10,
    "z": 139,
    "id": "yjpf",
    "height": 100,
    "width": 100,
    "dropTarget": {
      "tiletype": "ziggurat"
    }
  },
  "mzg5": {
    "type": "holder",
    "x": 720,
    "y": 10,
    "z": 106,
    "height": 100,
    "width": 100,
    "id": "mzg5",
    "dropTarget": {
      "tiletype": "ziggurat"
    }
  },
  "5bh8": {
    "type": "holder",
    "x": 830,
    "y": 10,
    "z": 105,
    "height": 100,
    "width": 100,
    "id": "5bh8",
    "dropTarget": {
      "tiletype": "ziggurat"
    }
  },
  "ikm2": {
    "type": "holder",
    "x": 940,
    "y": 10,
    "z": 104,
    "height": 100,
    "width": 100,
    "id": "ikm2",
    "dropTarget": {
      "tiletype": "ziggurat"
    }
  },
  "8kkp": {
    "type": "holder",
    "x": 1050,
    "y": 10,
    "z": 103,
    "height": 100,
    "width": 100,
    "id": "8kkp",
    "dropTarget": {
      "tiletype": "ziggurat"
    }
  },
  "qj98": {
    "type": "holder",
    "x": 1160,
    "y": 10,
    "z": 102,
    "height": 100,
    "width": 100,
    "id": "qj98",
    "dropTarget": {
      "tiletype": "ziggurat"
    }
  },
  "dm09": {
    "type": "holder",
    "x": 1270,
    "y": 10,
    "z": 142,
    "height": 100,
    "width": 100,
    "id": "dm09",
    "dropTarget": {
      "tiletype": "ziggurat"
    }
  },
  "f1fy": {
    "type": "holder",
    "x": 185,
    "y": 345,
    "z": 137,
    "id": "f1fy",
    "width": 75,
    "height": 75,
    "dropTarget": {
      "tiletype": "citycrop"
    }
  },
  "b2ti": {
    "deck": "gydrD",
    "type": "card",
    "cardType": "red-farmer",
    "id": "b2ti",
    "z": 9953,
    "parent": "gydrP"
  },
  "tac2": {
    "deck": "gydrD",
    "type": "card",
    "cardType": "red-farmer",
    "id": "tac2",
    "z": 1508,
    "parent": "gydrP"
  },
  "l26p": {
    "deck": "gydrD",
    "type": "card",
    "cardType": "red-farmer",
    "id": "l26p",
    "z": 9782,
    "parent": "gydrP"
  },
  "6bai": {
    "deck": "gydrD",
    "type": "card",
    "cardType": "red-farmer",
    "id": "6bai",
    "z": 7763,
    "parent": "gydrP"
  },
  "c9qe": {
    "deck": "gydrD",
    "type": "card",
    "cardType": "red-farmer",
    "id": "c9qe",
    "z": 9221,
    "parent": "gydrP"
  },
  "otmg": {
    "deck": "gydrD",
    "type": "card",
    "cardType": "red-farmer",
    "id": "otmg",
    "z": 8989,
    "parent": "gydrP"
  },
  "hav6": {
    "deck": "gydrD",
    "type": "card",
    "cardType": "red-farmer",
    "id": "hav6",
    "z": 5890,
    "parent": "gydrP"
  },
  "rmj3": {
    "deck": "gydrD",
    "type": "card",
    "cardType": "red-farmer",
    "id": "rmj3",
    "z": 5980,
    "parent": "gydrP"
  },
  "s7tm": {
    "deck": "gydrD",
    "type": "card",
    "cardType": "red-farmer",
    "id": "s7tm",
    "z": 779,
    "parent": "gydrP"
  },
  "2os3": {
    "deck": "gydrD",
    "type": "card",
    "cardType": "red-farmer",
    "id": "2os3",
    "z": 7990,
    "parent": "gydrP"
  },
  "j12h": {
    "deck": "gydrD",
    "type": "card",
    "cardType": "red-farmer",
    "id": "j12h",
    "z": 842,
    "parent": "gydrP"
  },
  "2r1h": {
    "deck": "gydrD",
    "type": "card",
    "cardType": "red-farmer",
    "id": "2r1h",
    "z": 6065,
    "parent": "gydrP"
  },
  "irr2": {
    "deck": "gydrD",
    "type": "card",
    "cardType": "red-star",
    "id": "irr2",
    "z": 1236,
    "parent": "gydrP"
  },
  "8ttt": {
    "deck": "gydrD",
    "type": "card",
    "cardType": "red-star",
    "id": "8ttt",
    "z": 9718,
    "parent": "gydrP"
  },
  "yesl": {
    "deck": "gydrD",
    "type": "card",
    "cardType": "red-star",
    "id": "yesl",
    "z": 3540,
    "parent": "gydrP"
  },
  "f0q0": {
    "deck": "gydrD",
    "type": "card",
    "cardType": "red-star",
    "id": "f0q0",
    "z": 6103,
    "parent": "gydrP"
  },
  "u93z": {
    "deck": "gydrD",
    "type": "card",
    "cardType": "red-star",
    "id": "u93z",
    "z": 1104,
    "parent": "gydrP"
  },
  "f134": {
    "deck": "gydrD",
    "type": "card",
    "cardType": "red-star",
    "id": "f134",
    "z": 1010,
    "parent": "gydrP"
  },
  "fw87": {
    "deck": "gydrD",
    "type": "card",
    "cardType": "red-crown",
    "id": "fw87",
    "z": 1110,
    "parent": "gydrP"
  },
  "djnv": {
    "deck": "gydrD",
    "type": "card",
    "cardType": "red-crown",
    "id": "djnv",
    "z": 9947,
    "parent": "gydrP"
  },
  "ai8f": {
    "deck": "gydrD",
    "type": "card",
    "cardType": "red-crown",
    "id": "ai8f",
    "z": 6796,
    "parent": "gydrP"
  },
  "b9tm": {
    "deck": "gydrD",
    "type": "card",
    "cardType": "red-crown",
    "id": "b9tm",
    "z": 2689,
    "parent": "gydrP"
  },
  "votk": {
    "deck": "gydrD",
    "type": "card",
    "cardType": "red-crown",
    "id": "votk",
    "z": 2294,
    "parent": "gydrP"
  },
  "izx3": {
    "deck": "gydrD",
    "type": "card",
    "cardType": "red-crown",
    "id": "izx3",
    "z": 2192,
    "parent": "gydrP"
  },
  "6ha8": {
    "deck": "gydrD",
    "type": "card",
    "cardType": "red-pot",
    "id": "6ha8",
    "z": 7941,
    "parent": "gydrP"
  },
  "x63j": {
    "deck": "gydrD",
    "type": "card",
    "cardType": "red-pot",
    "id": "x63j",
    "z": 3995,
    "parent": "gydrP"
  },
  "acwk": {
    "deck": "gydrD",
    "type": "card",
    "cardType": "red-pot",
    "id": "acwk",
    "z": 5787,
    "parent": "gydrP"
  },
  "z4fk": {
    "deck": "gydrD",
    "type": "card",
    "cardType": "red-pot",
    "id": "z4fk",
    "z": 3460,
    "parent": "gydrP"
  },
  "l2yk": {
    "deck": "gydrD",
    "type": "card",
    "cardType": "red-pot",
    "id": "l2yk",
    "z": 2485,
    "parent": "gydrP"
  },
  "4t1t": {
    "deck": "gydrD",
    "type": "card",
    "cardType": "red-pot",
    "id": "4t1t",
    "z": 2412,
    "parent": "gydrP"
  },
  "u1mc": {
    "type": "label",
    "text": 0,
    "id": "u1mc",
    "x": 65,
    "y": 251,
    "width": 140,
    "height": 44,
    "css": "font-size: 30px;",
    "editable": true,
    "z": 127
  },
  "u1mcD": {
    "id": "u1mcD",
    "parent": "u1mc",
    "x": 4,
    "y": -2,
    "width": 36,
    "height": 36,
    "type": "button",
    "movableInEdit": false,
    "text": "-",
    "clickRoutine": [
      {
        "func": "LABEL",
        "label": "u1mc",
        "mode": "dec",
        "value": 1
      }
    ]
  },
  "u1mcU": {
    "id": "u1mcU",
    "parent": "u1mc",
    "x": 100,
    "y": -2,
    "width": 36,
    "height": 36,
    "type": "button",
    "movableInEdit": false,
    "text": "+",
    "clickRoutine": [
      {
        "func": "LABEL",
        "label": "u1mc",
        "mode": "inc",
        "value": 1
      }
    ]
  },
  "yppn": {
    "type": "label",
    "text": "Draw pile:",
    "x": 50,
    "y": 320,
    "z": 152,
    "id": "yppn"
  },
  "p1rv": {
    "type": "label",
    "text": "Cities:",
    "x": 175,
    "y": 320,
    "z": 153,
    "id": "p1rv"
  },
  "uen2": {
    "type": "label",
    "text": 0,
    "id": "uen2",
    "x": 60,
    "y": 474,
    "width": 140,
    "height": 44,
    "css": "font-size: 30px;",
    "editable": true,
    "z": 129
  },
  "uen2D": {
    "id": "uen2D",
    "parent": "uen2",
    "x": 4,
    "y": -2,
    "width": 36,
    "height": 36,
    "type": "button",
    "movableInEdit": false,
    "text": "-",
    "clickRoutine": [
      {
        "func": "LABEL",
        "label": "uen2",
        "mode": "dec",
        "value": 1
      }
    ]
  },
  "uen2U": {
    "id": "uen2U",
    "parent": "uen2",
    "x": 100,
    "y": -2,
    "width": 36,
    "height": 36,
    "type": "button",
    "movableInEdit": false,
    "text": "+",
    "clickRoutine": [
      {
        "func": "LABEL",
        "label": "uen2",
        "mode": "inc",
        "value": 1
      }
    ]
  },
  "wnkc": {
    "type": "label",
    "text": "Draw pile:",
    "x": 50,
    "y": 540,
    "z": 150,
    "id": "wnkc"
  },
  "70to": {
    "type": "label",
    "text": "Cities:",
    "x": 175,
    "y": 540,
    "z": 156,
    "id": "70to"
  },
  "c8ik": {
    "type": "holder",
    "x": 185,
    "y": 565,
    "z": 72,
    "width": 75,
    "height": 75,
    "id": "c8ik",
    "dropTarget": {
      "tiletype": "citycrop"
    }
  },
  "dxvg": {
    "type": "holder",
    "onEnter": {
      "activeFace": 1
    },
    "onLeave": {
      "activeFace": 0
    },
    "dropOffsetX": 10,
    "dropOffsetY": 14,
    "stackOffsetX": 40,
    "childrenPerOwner": true,
    "x": 49,
    "y": 887,
    "width": 400,
    "height": 100,
    "id": "dxvg",
    "z": 144,
    "dropTarget": {
      "tiletype": "player"
    }
  },
  "bc9g": {
    "type": "holder",
    "id": "bc9g",
    "x": 59.5,
    "y": 29.5,
    "dropTarget": {
      "tiletype": "player"
    },
    "height": 75,
    "width": 75,
    "z": 148,
    "onEnter": {
      "activeFace": 0
    }
  },
  "bc9gD": {
    "type": "deck",
    "id": "bc9gD",
    "x": 4,
    "y": 4,
    "cardTypes": {
      "red-farmer": {
        "image": "https://github.com/andypymont/vtt-games/raw/main/babylonia/assets/red-farmer.svg"
      },
      "red-star": {
        "image": "https://github.com/andypymont/vtt-games/raw/main/babylonia/assets/red-star.svg"
      },
      "red-crown": {
        "image": "https://github.com/andypymont/vtt-games/raw/main/babylonia/assets/red-crown.svg"
      },
      "red-pot": {
        "image": "https://github.com/andypymont/vtt-games/raw/main/babylonia/assets/red-pot.svg"
      }
    },
    "faceTemplates": [
      {
        "border": false,
        "radius": false,
        "objects": [
          {
            "type": "image",
            "x": 0,
            "y": 0,
            "width": 72.309,
            "height": 62.622,
            "valueType": "static",
            "value": "https://github.com/andypymont/vtt-games/raw/main/babylonia/assets/red-back.svg",
            "color": "transparent"
          }
        ]
      },
      {
        "border": false,
        "radius": false,
        "objects": [
          {
            "type": "image",
            "x": 0,
            "y": 0,
            "width": 72.309,
            "height": 62.622,
            "valueType": "dynamic",
            "value": "image",
            "color": "transparent"
          }
        ]
      }
    ],
    "z": 10411,
    "parent": "bc9g",
    "cardDefaults": {
      "height": 62.622,
      "width": 72.309,
      "tiletype": "player",
      "grid": [
        {
          "x": 105,
          "y": 60.622,
          "offsetX": 67.5,
          "offsetY": 50,
          "minX": 540,
          "maxX": 1453,
          "minY": 140,
          "maxY": 870
        },
        {
          "x": 105,
          "y": 60.622,
          "offsetX": 120.2,
          "offsetY": 80.311,
          "minX": 540,
          "maxX": 1453,
          "minY": 140,
          "maxY": 870
        }
      ]
    }
  },
  "thsz": {
    "type": "holder",
    "id": "thsz",
    "x": 208.5,
    "y": 30.5,
    "dropTarget": {
      "tiletype": "player"
    },
    "z": 149,
    "height": 75,
    "width": 75,
    "onEnter": {
      "activeFace": 0
    }
  },
  "thszP": {
    "type": "pile",
    "id": "thszP",
    "width": 103,
    "height": 160,
    "z": 11809,
    "parent": "thsz"
  },
  "thszD": {
    "type": "deck",
    "id": "thszD",
    "x": 4,
    "y": 4,
    "cardTypes": {
      "purple-farmer": {
        "image": "https://github.com/andypymont/vtt-games/raw/main/babylonia/assets/purple-farmer.svg"
      },
      "purple-star": {
        "image": "https://github.com/andypymont/vtt-games/raw/main/babylonia/assets/purple-star.svg"
      },
      "purple-crown": {
        "image": "https://github.com/andypymont/vtt-games/raw/main/babylonia/assets/purple-crown.svg"
      },
      "purple-pot": {
        "image": "https://github.com/andypymont/vtt-games/raw/main/babylonia/assets/purple-pot.svg"
      }
    },
    "faceTemplates": [
      {
        "border": false,
        "radius": false,
        "objects": [
          {
            "type": "image",
            "x": 0,
            "y": 0,
            "width": 72.309,
            "height": 62.622,
            "valueType": "static",
            "value": "https://github.com/andypymont/vtt-games/raw/main/babylonia/assets/purple-back.svg",
            "color": "transparent"
          }
        ]
      },
      {
        "border": false,
        "radius": false,
        "objects": [
          {
            "type": "image",
            "x": 0,
            "y": 0,
            "width": 72.309,
            "height": 62.622,
            "valueType": "dynamic",
            "value": "image",
            "color": "transparent"
          }
        ]
      }
    ],
    "z": 10411,
    "parent": "thsz",
    "cardDefaults": {
      "tiletype": "player",
      "height": 62.622,
      "width": 72.309,
      "grid": [
        {
          "x": 105,
          "y": 60.622,
          "offsetX": 67.5,
          "offsetY": 50,
          "minX": 540,
          "maxX": 1453,
          "minY": 140,
          "maxY": 870
        },
        {
          "x": 105,
          "y": 60.622,
          "offsetX": 120.2,
          "offsetY": 80.311,
          "minX": 540,
          "maxX": 1453,
          "minY": 140,
          "maxY": 870
        }
      ]
    }
  },
  "g22h": {
    "deck": "thszD",
    "type": "card",
    "cardType": "purple-farmer",
    "id": "g22h",
    "z": 4970,
    "parent": "thszP"
  },
  "ydp5": {
    "deck": "thszD",
    "type": "card",
    "cardType": "purple-farmer",
    "id": "ydp5",
    "z": 912,
    "parent": "thszP"
  },
  "ycy8": {
    "deck": "thszD",
    "type": "card",
    "cardType": "purple-farmer",
    "id": "ycy8",
    "z": 4714,
    "parent": "thszP"
  },
  "o7zh": {
    "deck": "thszD",
    "type": "card",
    "cardType": "purple-farmer",
    "id": "o7zh",
    "z": 12026,
    "parent": "thszP"
  },
  "7zj6": {
    "deck": "thszD",
    "type": "card",
    "cardType": "purple-farmer",
    "id": "7zj6",
    "z": 3294,
    "parent": "thszP"
  },
  "n6tn": {
    "deck": "thszD",
    "type": "card",
    "cardType": "purple-farmer",
    "id": "n6tn",
    "z": 1245,
    "parent": "thszP"
  },
  "6b37": {
    "deck": "thszD",
    "type": "card",
    "cardType": "purple-farmer",
    "id": "6b37",
    "z": 3709,
    "parent": "thszP"
  },
  "6gt7": {
    "deck": "thszD",
    "type": "card",
    "cardType": "purple-farmer",
    "id": "6gt7",
    "z": 12029,
    "parent": "thszP"
  },
  "hqjp": {
    "deck": "thszD",
    "type": "card",
    "cardType": "purple-farmer",
    "id": "hqjp",
    "z": 12011,
    "parent": "thszP"
  },
  "ow4g": {
    "deck": "thszD",
    "type": "card",
    "cardType": "purple-farmer",
    "id": "ow4g",
    "z": 12014,
    "parent": "thszP"
  },
  "rzd4": {
    "deck": "thszD",
    "type": "card",
    "cardType": "purple-farmer",
    "id": "rzd4",
    "z": 12017,
    "parent": "thszP"
  },
  "mfe5": {
    "deck": "thszD",
    "type": "card",
    "cardType": "purple-farmer",
    "id": "mfe5",
    "z": 383,
    "parent": "thszP"
  },
  "gb50": {
    "deck": "thszD",
    "type": "card",
    "cardType": "purple-star",
    "id": "gb50",
    "parent": "thszP"
  },
  "4i9x": {
    "deck": "thszD",
    "type": "card",
    "cardType": "purple-star",
    "id": "4i9x",
    "z": 3735,
    "parent": "thszP"
  },
  "nvep": {
    "deck": "thszD",
    "type": "card",
    "cardType": "purple-star",
    "id": "nvep",
    "z": 12005,
    "parent": "thszP"
  },
  "5wik": {
    "deck": "thszD",
    "type": "card",
    "cardType": "purple-star",
    "id": "5wik",
    "z": 12002,
    "parent": "thszP"
  },
  "nbjv": {
    "deck": "thszD",
    "type": "card",
    "cardType": "purple-star",
    "id": "nbjv",
    "z": 12008,
    "parent": "thszP"
  },
  "7vte": {
    "deck": "thszD",
    "type": "card",
    "cardType": "purple-star",
    "id": "7vte",
    "z": 12023,
    "parent": "thszP"
  },
  "ygv3": {
    "deck": "thszD",
    "type": "card",
    "cardType": "purple-crown",
    "id": "ygv3",
    "z": 606,
    "parent": "thszP"
  },
  "sp97": {
    "deck": "thszD",
    "type": "card",
    "cardType": "purple-crown",
    "id": "sp97",
    "z": 12032,
    "parent": "thszP"
  },
  "kzm4": {
    "deck": "thszD",
    "type": "card",
    "cardType": "purple-crown",
    "id": "kzm4",
    "z": 387,
    "parent": "thszP"
  },
  "5v7q": {
    "deck": "thszD",
    "type": "card",
    "cardType": "purple-crown",
    "id": "5v7q",
    "z": 1094,
    "parent": "thszP"
  },
  "j4yw": {
    "deck": "thszD",
    "type": "card",
    "cardType": "purple-crown",
    "id": "j4yw",
    "z": 813,
    "parent": "thszP"
  },
  "lnx8": {
    "deck": "thszD",
    "type": "card",
    "cardType": "purple-crown",
    "id": "lnx8",
    "z": 3335,
    "parent": "thszP"
  },
  "l6as": {
    "deck": "thszD",
    "type": "card",
    "cardType": "purple-pot",
    "id": "l6as",
    "z": 3645,
    "parent": "thszP"
  },
  "1emg": {
    "deck": "thszD",
    "type": "card",
    "cardType": "purple-pot",
    "id": "1emg",
    "z": 1623,
    "parent": "thszP"
  },
  "z49u": {
    "deck": "thszD",
    "type": "card",
    "cardType": "purple-pot",
    "id": "z49u",
    "z": 4943,
    "parent": "thszP"
  },
  "3utj": {
    "deck": "thszD",
    "type": "card",
    "cardType": "purple-pot",
    "id": "3utj",
    "z": 70,
    "parent": "thszP"
  },
  "zvp1": {
    "deck": "thszD",
    "type": "card",
    "cardType": "purple-pot",
    "id": "zvp1",
    "z": 5076,
    "parent": "thszP"
  },
  "aqt9": {
    "deck": "thszD",
    "type": "card",
    "cardType": "purple-pot",
    "id": "aqt9",
    "z": 12020,
    "parent": "thszP"
  },
  "8lgm": {
    "deck": "bc9gD",
    "type": "card",
    "cardType": "red-farmer",
    "id": "8lgm",
    "z": 1162,
    "parent": "q5za"
  },
  "anql": {
    "deck": "bc9gD",
    "type": "card",
    "cardType": "red-farmer",
    "id": "anql",
    "z": 11830,
    "parent": "q5za"
  },
  "dhzg": {
    "deck": "bc9gD",
    "type": "card",
    "cardType": "red-farmer",
    "id": "dhzg",
    "z": 814,
    "parent": "q5za"
  },
  "exiw": {
    "deck": "bc9gD",
    "type": "card",
    "cardType": "red-farmer",
    "id": "exiw",
    "z": 3242,
    "parent": "q5za"
  },
  "1swt": {
    "deck": "bc9gD",
    "type": "card",
    "cardType": "red-farmer",
    "id": "1swt",
    "z": 4464,
    "parent": "q5za"
  },
  "svl0": {
    "deck": "bc9gD",
    "type": "card",
    "cardType": "red-farmer",
    "id": "svl0",
    "z": 5265,
    "parent": "q5za"
  },
  "6ccg": {
    "deck": "bc9gD",
    "type": "card",
    "cardType": "red-farmer",
    "id": "6ccg",
    "z": 11827,
    "parent": "q5za"
  },
  "3tai": {
    "deck": "bc9gD",
    "type": "card",
    "cardType": "red-farmer",
    "id": "3tai",
    "z": 11833,
    "parent": "q5za"
  },
  "6ken": {
    "deck": "bc9gD",
    "type": "card",
    "cardType": "red-farmer",
    "id": "6ken",
    "z": 921,
    "parent": "q5za"
  },
  "r6xv": {
    "deck": "bc9gD",
    "type": "card",
    "cardType": "red-farmer",
    "id": "r6xv",
    "z": 6738,
    "parent": "q5za"
  },
  "f8ce": {
    "deck": "bc9gD",
    "type": "card",
    "cardType": "red-farmer",
    "id": "f8ce",
    "z": 4975,
    "parent": "q5za"
  },
  "mp3o": {
    "deck": "bc9gD",
    "type": "card",
    "cardType": "red-farmer",
    "id": "mp3o",
    "z": 3691,
    "parent": "q5za"
  },
  "spb0": {
    "deck": "bc9gD",
    "type": "card",
    "cardType": "red-star",
    "id": "spb0",
    "z": 1812,
    "parent": "q5za"
  },
  "oqac": {
    "deck": "bc9gD",
    "type": "card",
    "cardType": "red-star",
    "id": "oqac",
    "z": 4689,
    "parent": "q5za"
  },
  "m547": {
    "deck": "bc9gD",
    "type": "card",
    "cardType": "red-star",
    "id": "m547",
    "z": 6202,
    "parent": "q5za"
  },
  "atf2": {
    "deck": "bc9gD",
    "type": "card",
    "cardType": "red-star",
    "id": "atf2",
    "z": 6506,
    "parent": "q5za"
  },
  "qs6z": {
    "deck": "bc9gD",
    "type": "card",
    "cardType": "red-star",
    "id": "qs6z",
    "z": 2091,
    "parent": "q5za"
  },
  "oibv": {
    "deck": "bc9gD",
    "type": "card",
    "cardType": "red-star",
    "id": "oibv",
    "z": 7094,
    "parent": "q5za"
  },
  "6u8u": {
    "deck": "bc9gD",
    "type": "card",
    "cardType": "red-crown",
    "id": "6u8u",
    "z": 4724,
    "parent": "q5za"
  },
  "alsm": {
    "deck": "bc9gD",
    "type": "card",
    "cardType": "red-crown",
    "id": "alsm",
    "z": 11839,
    "parent": "q5za"
  },
  "t8rn": {
    "deck": "bc9gD",
    "type": "card",
    "cardType": "red-crown",
    "id": "t8rn",
    "z": 7249,
    "parent": "q5za"
  },
  "zh9v": {
    "deck": "bc9gD",
    "type": "card",
    "cardType": "red-crown",
    "id": "zh9v",
    "z": 11842,
    "parent": "q5za"
  },
  "7d4p": {
    "deck": "bc9gD",
    "type": "card",
    "cardType": "red-crown",
    "id": "7d4p",
    "z": 11836,
    "parent": "q5za"
  },
  "wy7h": {
    "deck": "bc9gD",
    "type": "card",
    "cardType": "red-crown",
    "id": "wy7h",
    "z": 4981,
    "parent": "q5za"
  },
  "x1ff": {
    "deck": "bc9gD",
    "type": "card",
    "cardType": "red-pot",
    "id": "x1ff",
    "z": 6854,
    "parent": "q5za"
  },
  "6bkr": {
    "deck": "bc9gD",
    "type": "card",
    "cardType": "red-pot",
    "id": "6bkr",
    "z": 7579,
    "parent": "q5za"
  },
  "rh67": {
    "deck": "bc9gD",
    "type": "card",
    "cardType": "red-pot",
    "id": "rh67",
    "z": 3657,
    "parent": "q5za"
  },
  "87n5": {
    "deck": "bc9gD",
    "type": "card",
    "cardType": "red-pot",
    "id": "87n5",
    "z": 412,
    "parent": "q5za"
  },
  "c4rj": {
    "deck": "bc9gD",
    "type": "card",
    "cardType": "red-pot",
    "id": "c4rj",
    "z": 6304,
    "parent": "q5za"
  },
  "9chd": {
    "deck": "bc9gD",
    "type": "card",
    "cardType": "red-pot",
    "id": "9chd",
    "z": 7363,
    "parent": "q5za"
  },
  "xetl": {
    "type": "holder",
    "id": "xetl",
    "x": 60,
    "y": 345,
    "dropTarget": {
      "tiletype": "player"
    },
    "z": 88,
    "height": 75,
    "width": 75,
    "onEnter": {
      "activeFace": 0
    }
  },
  "xetlP": {
    "type": "pile",
    "id": "xetlP",
    "width": 103,
    "height": 160,
    "z": 11950,
    "parent": "xetl"
  },
  "xetlD": {
    "type": "deck",
    "id": "xetlD",
    "x": 62,
    "y": 347,
    "cardTypes": {
      "blue-farmer": {
        "image": "https://github.com/andypymont/vtt-games/raw/main/babylonia/assets/blue-farmer.svg"
      },
      "blue-star": {
        "image": "https://github.com/andypymont/vtt-games/raw/main/babylonia/assets/blue-star.svg"
      },
      "blue-crown": {
        "image": "https://github.com/andypymont/vtt-games/raw/main/babylonia/assets/blue-crown.svg"
      },
      "blue-pot": {
        "image": "https://github.com/andypymont/vtt-games/raw/main/babylonia/assets/blue-pot.svg"
      }
    },
    "faceTemplates": [
      {
        "border": false,
        "radius": false,
        "objects": [
          {
            "type": "image",
            "x": 0,
            "y": 0,
            "width": 72.309,
            "height": 62.622,
            "valueType": "static",
            "value": "https://github.com/andypymont/vtt-games/raw/main/babylonia/assets/blue-back.svg",
            "color": "transparent"
          }
        ]
      },
      {
        "border": false,
        "radius": false,
        "objects": [
          {
            "type": "image",
            "x": 0,
            "y": 0,
            "width": 72.309,
            "height": 62.622,
            "valueType": "dynamic",
            "value": "image",
            "color": "transparent"
          }
        ]
      }
    ],
    "z": 11582,
    "cardDefaults": {
      "tiletype": "player",
      "height": 62.622,
      "width": 72.309,
      "grid": [
        {
          "x": 105,
          "y": 60.622,
          "offsetX": 67.5,
          "offsetY": 50,
          "minX": 540,
          "maxX": 1453,
          "minY": 140,
          "maxY": 870
        },
        {
          "x": 105,
          "y": 60.622,
          "offsetX": 120.2,
          "offsetY": 80.311,
          "minX": 540,
          "maxX": 1453,
          "minY": 140,
          "maxY": 870
        }
      ]
    }
  },
  "1ycn": {
    "deck": "xetlD",
    "type": "card",
    "cardType": "blue-farmer",
    "id": "1ycn",
    "z": 4198,
    "parent": "xetlP"
  },
  "xh8u": {
    "deck": "xetlD",
    "type": "card",
    "cardType": "blue-farmer",
    "id": "xh8u",
    "z": 11967,
    "parent": "xetlP"
  },
  "9h17": {
    "deck": "xetlD",
    "type": "card",
    "cardType": "blue-farmer",
    "id": "9h17",
    "z": 4511,
    "parent": "xetlP"
  },
  "zvhj": {
    "deck": "xetlD",
    "type": "card",
    "cardType": "blue-farmer",
    "id": "zvhj",
    "z": 8474,
    "parent": "xetlP"
  },
  "mafs": {
    "deck": "xetlD",
    "type": "card",
    "cardType": "blue-farmer",
    "id": "mafs",
    "z": 11973,
    "parent": "xetlP"
  },
  "uyet": {
    "deck": "xetlD",
    "type": "card",
    "cardType": "blue-farmer",
    "id": "uyet",
    "z": 2063,
    "parent": "xetlP"
  },
  "3fob": {
    "deck": "xetlD",
    "type": "card",
    "cardType": "blue-farmer",
    "id": "3fob",
    "z": 6729,
    "parent": "xetlP"
  },
  "b3fk": {
    "deck": "xetlD",
    "type": "card",
    "cardType": "blue-farmer",
    "id": "b3fk",
    "z": 705,
    "parent": "xetlP"
  },
  "moms": {
    "deck": "xetlD",
    "type": "card",
    "cardType": "blue-farmer",
    "id": "moms",
    "z": 4779,
    "parent": "xetlP"
  },
  "2ekn": {
    "deck": "xetlD",
    "type": "card",
    "cardType": "blue-farmer",
    "id": "2ekn",
    "z": 11970,
    "parent": "xetlP"
  },
  "9kgq": {
    "deck": "xetlD",
    "type": "card",
    "cardType": "blue-farmer",
    "id": "9kgq",
    "z": 11964,
    "parent": "xetlP"
  },
  "y9ra": {
    "deck": "xetlD",
    "type": "card",
    "cardType": "blue-farmer",
    "id": "y9ra",
    "z": 1723,
    "parent": "xetlP"
  },
  "1ut7": {
    "deck": "xetlD",
    "type": "card",
    "cardType": "blue-star",
    "id": "1ut7",
    "z": 4374,
    "parent": "xetlP"
  },
  "ou19": {
    "deck": "xetlD",
    "type": "card",
    "cardType": "blue-star",
    "id": "ou19",
    "z": 1576,
    "parent": "xetlP"
  },
  "9s18": {
    "deck": "xetlD",
    "type": "card",
    "cardType": "blue-star",
    "id": "9s18",
    "z": 8300,
    "parent": "xetlP"
  },
  "ii0b": {
    "deck": "xetlD",
    "type": "card",
    "cardType": "blue-star",
    "id": "ii0b",
    "z": 97,
    "parent": "xetlP"
  },
  "5p1h": {
    "deck": "xetlD",
    "type": "card",
    "cardType": "blue-star",
    "id": "5p1h",
    "z": 11955,
    "parent": "xetlP"
  },
  "9mrg": {
    "deck": "xetlD",
    "type": "card",
    "cardType": "blue-star",
    "id": "9mrg",
    "z": 4915,
    "parent": "xetlP"
  },
  "m0yc": {
    "deck": "xetlD",
    "type": "card",
    "cardType": "blue-crown",
    "id": "m0yc",
    "z": 3526,
    "parent": "xetlP"
  },
  "ye8k": {
    "deck": "xetlD",
    "type": "card",
    "cardType": "blue-crown",
    "id": "ye8k",
    "z": 3219,
    "parent": "xetlP"
  },
  "syqz": {
    "deck": "xetlD",
    "type": "card",
    "cardType": "blue-crown",
    "id": "syqz",
    "z": 11976,
    "parent": "xetlP"
  },
  "h7o4": {
    "deck": "xetlD",
    "type": "card",
    "cardType": "blue-crown",
    "id": "h7o4",
    "z": 5662,
    "parent": "xetlP"
  },
  "sfsc": {
    "deck": "xetlD",
    "type": "card",
    "cardType": "blue-crown",
    "id": "sfsc",
    "z": 3022,
    "parent": "xetlP"
  },
  "a5vl": {
    "deck": "xetlD",
    "type": "card",
    "cardType": "blue-crown",
    "id": "a5vl",
    "z": 5167,
    "parent": "xetlP"
  },
  "qgdo": {
    "deck": "xetlD",
    "type": "card",
    "cardType": "blue-pot",
    "id": "qgdo",
    "z": 7445,
    "parent": "xetlP"
  },
  "s21n": {
    "deck": "xetlD",
    "type": "card",
    "cardType": "blue-pot",
    "id": "s21n",
    "z": 2773,
    "parent": "xetlP"
  },
  "kzu5": {
    "deck": "xetlD",
    "type": "card",
    "cardType": "blue-pot",
    "id": "kzu5",
    "z": 11961,
    "parent": "xetlP"
  },
  "bmag": {
    "deck": "xetlD",
    "type": "card",
    "cardType": "blue-pot",
    "id": "bmag",
    "z": 4562,
    "parent": "xetlP"
  },
  "oyrc": {
    "deck": "xetlD",
    "type": "card",
    "cardType": "blue-pot",
    "id": "oyrc",
    "z": 11958,
    "parent": "xetlP"
  },
  "i7rc": {
    "deck": "xetlD",
    "type": "card",
    "cardType": "blue-pot",
    "id": "i7rc",
    "z": 6929,
    "parent": "xetlP"
  },
  "32ib": {
    "type": "holder",
    "id": "32ib",
    "x": 60,
    "y": 565,
    "dropTarget": {
      "tiletype": "player"
    },
    "z": 93,
    "height": 75,
    "width": 75,
    "onEnter": {
      "activeFace": 0
    }
  },
  "32ibP": {
    "type": "pile",
    "id": "32ibP",
    "width": 103,
    "height": 160,
    "z": 11807,
    "parent": "32ib"
  },
  "32ibD": {
    "type": "deck",
    "id": "32ibD",
    "x": 62,
    "y": 569,
    "cardTypes": {
      "yellow-farmer": {
        "image": "https://github.com/andypymont/vtt-games/raw/main/babylonia/assets/yellow-farmer.svg"
      },
      "yellow-star": {
        "image": "https://github.com/andypymont/vtt-games/raw/main/babylonia/assets/yellow-star.svg"
      },
      "yellow-crown": {
        "image": "https://github.com/andypymont/vtt-games/raw/main/babylonia/assets/yellow-crown.svg"
      },
      "yellow-pot": {
        "image": "https://github.com/andypymont/vtt-games/raw/main/babylonia/assets/yellow-pot.svg"
      }
    },
    "faceTemplates": [
      {
        "border": false,
        "radius": false,
        "objects": [
          {
            "type": "image",
            "x": 0,
            "y": 0,
            "width": 72.309,
            "height": 62.622,
            "valueType": "static",
            "value": "https://github.com/andypymont/vtt-games/raw/main/babylonia/assets/yellow-back.svg",
            "color": "transparent"
          }
        ]
      },
      {
        "border": false,
        "radius": false,
        "objects": [
          {
            "type": "image",
            "x": 0,
            "y": 0,
            "width": 72.309,
            "height": 62.622,
            "valueType": "dynamic",
            "value": "image",
            "color": "transparent"
          }
        ]
      }
    ],
    "z": 11977,
    "cardDefaults": {
      "tiletype": "player",
      "height": 62.622,
      "width": 72.309,
      "grid": [
        {
          "x": 105,
          "y": 60.622,
          "offsetX": 67.5,
          "offsetY": 50,
          "minX": 540,
          "maxX": 1453,
          "minY": 140,
          "maxY": 870
        },
        {
          "x": 105,
          "y": 60.622,
          "offsetX": 120.2,
          "offsetY": 80.311,
          "minX": 540,
          "maxX": 1453,
          "minY": 140,
          "maxY": 870
        }
      ]
    }
  },
  "tsr4": {
    "deck": "32ibD",
    "type": "card",
    "cardType": "yellow-farmer",
    "id": "tsr4",
    "z": 6281,
    "parent": "32ibP"
  },
  "rsu7": {
    "deck": "32ibD",
    "type": "card",
    "cardType": "yellow-farmer",
    "id": "rsu7",
    "z": 8858,
    "parent": "32ibP"
  },
  "kn9w": {
    "deck": "32ibD",
    "type": "card",
    "cardType": "yellow-farmer",
    "id": "kn9w",
    "z": 5217,
    "parent": "32ibP"
  },
  "9bu5": {
    "deck": "32ibD",
    "type": "card",
    "cardType": "yellow-farmer",
    "id": "9bu5",
    "z": 12041,
    "parent": "32ibP"
  },
  "1e64": {
    "deck": "32ibD",
    "type": "card",
    "cardType": "yellow-farmer",
    "id": "1e64",
    "z": 5653,
    "parent": "32ibP"
  },
  "greh": {
    "deck": "32ibD",
    "type": "card",
    "cardType": "yellow-farmer",
    "id": "greh",
    "z": 9064,
    "parent": "32ibP"
  },
  "9u98": {
    "deck": "32ibD",
    "type": "card",
    "cardType": "yellow-farmer",
    "id": "9u98",
    "z": 12047,
    "parent": "32ibP"
  },
  "aea5": {
    "deck": "32ibD",
    "type": "card",
    "cardType": "yellow-farmer",
    "id": "aea5",
    "z": 2135,
    "parent": "32ibP"
  },
  "me89": {
    "deck": "32ibD",
    "type": "card",
    "cardType": "yellow-farmer",
    "id": "me89",
    "z": 1137,
    "parent": "32ibP"
  },
  "zrjf": {
    "deck": "32ibD",
    "type": "card",
    "cardType": "yellow-farmer",
    "id": "zrjf",
    "z": 3022,
    "parent": "32ibP"
  },
  "a3mc": {
    "deck": "32ibD",
    "type": "card",
    "cardType": "yellow-farmer",
    "id": "a3mc",
    "z": 1999,
    "parent": "32ibP"
  },
  "w91s": {
    "deck": "32ibD",
    "type": "card",
    "cardType": "yellow-farmer",
    "id": "w91s",
    "z": 5001,
    "parent": "32ibP"
  },
  "chfy": {
    "deck": "32ibD",
    "type": "card",
    "cardType": "yellow-star",
    "id": "chfy",
    "z": 8282,
    "parent": "32ibP"
  },
  "v1tm": {
    "deck": "32ibD",
    "type": "card",
    "cardType": "yellow-star",
    "id": "v1tm",
    "z": 9177,
    "parent": "32ibP"
  },
  "rqm4": {
    "deck": "32ibD",
    "type": "card",
    "cardType": "yellow-star",
    "id": "rqm4",
    "z": 5829,
    "parent": "32ibP"
  },
  "mquh": {
    "deck": "32ibD",
    "type": "card",
    "cardType": "yellow-star",
    "id": "mquh",
    "z": 2821,
    "parent": "32ibP"
  },
  "gbsb": {
    "deck": "32ibD",
    "type": "card",
    "cardType": "yellow-star",
    "id": "gbsb",
    "z": 7249,
    "parent": "32ibP"
  },
  "qjlv": {
    "deck": "32ibD",
    "type": "card",
    "cardType": "yellow-star",
    "id": "qjlv",
    "z": 12038,
    "parent": "32ibP"
  },
  "dmy5": {
    "deck": "32ibD",
    "type": "card",
    "cardType": "yellow-crown",
    "id": "dmy5",
    "z": 6386,
    "parent": "32ibP"
  },
  "g3e2": {
    "deck": "32ibD",
    "type": "card",
    "cardType": "yellow-crown",
    "id": "g3e2",
    "z": 7165,
    "parent": "32ibP"
  },
  "id14": {
    "deck": "32ibD",
    "type": "card",
    "cardType": "yellow-crown",
    "id": "id14",
    "z": 12044,
    "parent": "32ibP"
  },
  "fkq1": {
    "deck": "32ibD",
    "type": "card",
    "cardType": "yellow-crown",
    "id": "fkq1",
    "z": 8862,
    "parent": "32ibP"
  },
  "0dzc": {
    "deck": "32ibD",
    "type": "card",
    "cardType": "yellow-crown",
    "id": "0dzc",
    "z": 2863,
    "parent": "32ibP"
  },
  "hnf5": {
    "deck": "32ibD",
    "type": "card",
    "cardType": "yellow-crown",
    "id": "hnf5",
    "z": 497,
    "parent": "32ibP"
  },
  "8v8k": {
    "deck": "32ibD",
    "type": "card",
    "cardType": "yellow-pot",
    "id": "8v8k",
    "z": 4064,
    "parent": "32ibP"
  },
  "m1xk": {
    "deck": "32ibD",
    "type": "card",
    "cardType": "yellow-pot",
    "id": "m1xk",
    "z": 2965,
    "parent": "32ibP"
  },
  "nq34": {
    "deck": "32ibD",
    "type": "card",
    "cardType": "yellow-pot",
    "id": "nq34",
    "z": 215,
    "parent": "32ibP"
  },
  "xscr": {
    "deck": "32ibD",
    "type": "card",
    "cardType": "yellow-pot",
    "id": "xscr",
    "z": 4107,
    "parent": "32ibP"
  },
  "6s4b": {
    "deck": "32ibD",
    "type": "card",
    "cardType": "yellow-pot",
    "id": "6s4b",
    "z": 12035,
    "parent": "32ibP"
  },
  "ujjk": {
    "deck": "32ibD",
    "type": "card",
    "cardType": "yellow-pot",
    "id": "ujjk",
    "z": 1824,
    "parent": "32ibP"
  },
  "rntt": {
    "image": "https://github.com/andypymont/vtt-games/raw/main/babylonia/assets/player-area.svg",
    "movable": false,
    "width": 450,
    "height": 200,
    "layer": -4,
    "z": 9142,
    "x": 50,
    "y": 230,
    "id": "rntt"
  },
  "j5zk": {
    "type": "label",
    "x": 235,
    "y": 235,
    "z": 102,
    "editable": true,
    "text": "PLAYER 1",
    "css": "font-weight:bold",
    "id": "j5zk"
  },
  "tfg3": {
    "image": "https://github.com/andypymont/vtt-games/raw/main/babylonia/assets/player-area.svg",
    "movable": false,
    "width": 450,
    "height": 200,
    "layer": -4,
    "z": 9146,
    "x": 48,
    "y": 451,
    "id": "tfg3"
  },
  "vead": {
    "type": "label",
    "x": 235,
    "y": 455,
    "z": 102,
    "editable": true,
    "text": "PLAYER 2",
    "css": "font-weight:bold",
    "id": "vead"
  },
  "oto8": {
    "type": "label",
    "text": "Score:",
    "x": 87,
    "y": 236,
    "z": 128,
    "id": "oto8"
  },
  "snw8": {
    "type": "label",
    "text": "Score:",
    "x": 82,
    "y": 459,
    "z": 130,
    "id": "snw8"
  },
  "t2wt": {
    "type": "holder",
    "x": 315,
    "y": 320,
    "z": 138,
    "width": 180,
    "height": 100,
    "stackOffsetX": -20,
    "dropOffsetX": 80,
    "id": "t2wt",
    "dropTarget": {
      "tiletype": "ziggurat"
    }
  },
  "u20n": {
    "type": "holder",
    "x": 315,
    "y": 540,
    "z": 138,
    "width": 180,
    "height": 100,
    "stackOffsetX": -20,
    "dropOffsetX": 80,
    "id": "u20n",
    "dropTarget": {
      "tiletype": "ziggurat"
    }
  },
  "eium": {
    "type": "label",
    "text": "Ziggurats:",
    "x": 355,
    "y": 295,
    "z": 126,
    "id": "eium"
  },
  "n5rh": {
    "type": "label",
    "text": "Ziggurats:",
    "x": 355,
    "y": 515,
    "z": 126,
    "id": "n5rh"
  },
  "q5za": {
    "type": "pile",
    "width": 103,
    "height": 160,
    "id": "q5za",
    "z": 11803,
    "parent": "bc9g"
  },
  "i7t9": {
    "type": "pile",
    "parent": "3lhw",
    "x": 4,
    "y": 4,
    "width": 100,
    "height": 100,
    "id": "i7t9"
  },
  "o7vz": {
    "type": "pile",
    "parent": "s9y9",
    "x": 4,
    "y": 4,
    "width": 72.309,
    "height": 62.622,
    "id": "o7vz"
  }
}