{
  "_meta": {
    "version": 8,
    "info": {
      "name": "Brian Boru",
      "image": "https://cf.geekdo-images.com/S-Ro5X2B6x2V6bana2f0fA__imagepage/img/qeQ-jO77MeGluz6KBn8tqBQJzTA=/fit-in/900x600/filters:no_upscale():strip_icc()/pic6149105.jpg",
      "rules": "",
      "bgg": "https://boardgamegeek.com/boardgame/337765/brian-boru-high-king-ireland",
      "year": "2021",
      "mode": "vs",
      "time": "90",
      "players": "3-5",
      "language": "US",
      "variant": "",
      "attribution": ""
    }
  },
  "board": {
    "id": "board",
    "layer": -4,
    "x": 640,
    "y": 170,
    "width": 960,
    "height": 680,
    "movable": false,
    "image": "https://raw.githubusercontent.com/andypymont/vtt-games/main/brian-boru/assets/board.svg"
  },
  "claim-b": {
    "id": "claim-b",
    "x": 960,
    "y": 350,
    "width": 45,
    "height": 45,
    "enlarge": 3,
    "image": "https://raw.githubusercontent.com/andypymont/vtt-games/main/brian-boru/assets/claim-b.svg"
  },
  "claim-c": {
    "id": "claim-c",
    "inheritFrom": "claim-b",
    "x": 950,
    "y": 515,
    "image": "https://raw.githubusercontent.com/andypymont/vtt-games/main/brian-boru/assets/claim-c.svg"
  },
  "claim-d": {
    "id": "claim-d",
    "inheritFrom": "claim-b",
    "x": 1245,
    "y": 515,
    "image": "https://raw.githubusercontent.com/andypymont/vtt-games/main/brian-boru/assets/claim-d.svg"
  },
  "claim-l": {
    "id": "claim-l",
    "inheritFrom": "claim-b",
    "x": 1090,
    "y": 600,
    "image": "https://raw.githubusercontent.com/andypymont/vtt-games/main/brian-boru/assets/claim-l.svg"
  },
  "claim-m": {
    "id": "claim-m",
    "inheritFrom": "claim-b",
    "x": 950,
    "y": 685,
    "image": "https://raw.githubusercontent.com/andypymont/vtt-games/main/brian-boru/assets/claim-m.svg"
  },
  "claim-n": {
    "id": "claim-n",
    "inheritFrom": "claim-b",
    "x": 1095,
    "y": 265,
    "image": "https://raw.githubusercontent.com/andypymont/vtt-games/main/brian-boru/assets/claim-n.svg"
  },
  "claim-s": {
    "id": "claim-s",
    "inheritFrom": "claim-b",
    "x": 1090,
    "y": 430,
    "image": "https://raw.githubusercontent.com/andypymont/vtt-games/main/brian-boru/assets/claim-s.svg"
  },
  "claim-u": {
    "id": "claim-u",
    "inheritFrom": "claim-b",
    "x": 1235,
    "y": 345,
    "image": "https://raw.githubusercontent.com/andypymont/vtt-games/main/brian-boru/assets/claim-u.svg"
  },
  "p1-area": {
    "id": "p1-area",
    "linkedToSeat": "p1-seat",
    "layer": -4,
    "x": 0,
    "y": 0,
    "width": 640,
    "height": 170,
    "movable": false,
    "image": "https://raw.githubusercontent.com/andypymont/vtt-games/main/brian-boru/assets/player-area.svg"
  },
  "p1-seat": {
    "id": "p1-seat",
    "type": "seat",
    "parent": "p1-area",
    "x": 0,
    "y": 2,
    "height": 25,
    "width": 140,
    "hideWhenUnused": true,
    "hand": "hand-right",
    "index": 1,
    "clickRoutine": [
      "var playerPrefix = substr ${playerName} 0 5",
      {
        "func": "IF",
        "operand1": "${playerPrefix}",
        "operand2": "Guest",
        "thenRoutine": [
          {
            "func": "INPUT",
            "header": "Enter your name and choice of player color.",
            "fields": [
              {
                "type": "string",
                "label": "Name",
                "variable": "playerName",
                "value": "${playerName}"
              },
              {
                "type": "color",
                "label": "Color",
                "variable": "playerColor",
                "value": "${playerColor}"
              }
            ]
          }
        ]
      },
      {
        "func": "CLICK",
        "collection": "thisButton",
        "mode": "ignoreClickRoutine"
      }
    ]
  },
  "p1-score": {
    "id": "p1-score",
    "type": "label",
    "parent": "p1-area",
    "x": 8,
    "y": 50,
    "width": 140,
    "height": 35,
    "css": "color:#000000;font-size:30px",
    "text": 10,
    "editable": true
  },
  "p1-score-dec": {
    "id": "p1-score-dec",
    "type": "button",
    "parent": "p1-score",
    "x": 4,
    "y": -2,
    "width": 36,
    "height": 36,
    "text": "-",
    "movableInEdit": false,
    "clickRoutine": [
      {
        "func": "LABEL",
        "label": "${PROPERTY parent}",
        "mode": "dec",
        "value": 1
      }
    ]
  },
  "p1-score-inc": {
    "id": "p1-score-inc",
    "type": "button",
    "parent": "p1-score",
    "x": 100,
    "y": -2,
    "width": 36,
    "height": 36,
    "text": "+",
    "movableInEdit": false,
    "clickRoutine": [
      {
        "func": "LABEL",
        "label": "${PROPERTY parent}",
        "mode": "inc",
        "value": 1
      }
    ]
  },
  "p1-hand-counter-left": {
    "id": "p1-hand-counter-left",
    "parent": "p1-area",
    "x": 20,
    "y": 100,
    "width": 50,
    "height": 50,
    "image": "https://raw.githubusercontent.com/andypymont/vtt-games/main/brian-boru/assets/hand-counter-left.svg",
    "movable": false,
    "css": {
      "color": "#000000",
      "font-size": "26px",
      "line-height": "65px",
      "text-indent": "-5px",
      "text-align": "center"
    },
    "text": 0
  },
  "p1-hand-counter-right": {
    "id": "p1-hand-counter-right",
    "parent": "p1-area",
    "x": 75,
    "y": 100,
    "width": 50,
    "height": 50,
    "image": "https://raw.githubusercontent.com/andypymont/vtt-games/main/brian-boru/assets/hand-counter-right.svg",
    "movable": false,
    "css": {
      "color": "#000000",
      "font-size": "26px",
      "line-height": "65px",
      "text-indent": "6px",
      "text-align": "center"
    },
    "text": 0
  },
  "p1-cube-holder": {
    "id": "p1-cube-holder",
    "type": "holder",
    "parent": "p1-area",
    "x": 180,
    "y": 75,
    "width": 24,
    "height": 24,
    "dropOffsetX": 0,
    "dropOffsetY": 0,
    "dropTarget": {
      "deck": "player-cube-deck"
    }
  },
  "p1-cube-pile": {
    "id": "p1-cube-pile",
    "type": "pile",
    "parent": "p1-cube-holder",
    "x": 0,
    "y": 0
  },
  "p1-cube-01": {
    "id": "p1-cube-01",
    "type": "card",
    "parent": "p1-cube-pile",
    "deck": "player-cube-deck",
    "cardType": "player-cube-type-ltblue",
    "z": 1
  },
  "p1-cube-02": {
    "id": "p1-cube-02",
    "type": "card",
    "parent": "p1-cube-pile",
    "deck": "player-cube-deck",
    "cardType": "player-cube-type-ltblue",
    "z": 2
  },
  "p1-cube-03": {
    "id": "p1-cube-03",
    "type": "card",
    "parent": "p1-cube-pile",
    "deck": "player-cube-deck",
    "cardType": "player-cube-type-ltblue",
    "z": 3
  },
  "p1-cube-04": {
    "id": "p1-cube-04",
    "type": "card",
    "parent": "p1-cube-pile",
    "deck": "player-cube-deck",
    "cardType": "player-cube-type-ltblue",
    "z": 4
  },
  "p1-cube-05": {
    "id": "p1-cube-05",
    "type": "card",
    "parent": "p1-cube-pile",
    "deck": "player-cube-deck",
    "cardType": "player-cube-type-ltblue",
    "z": 5
  },
  "p1-cube-06": {
    "id": "p1-cube-06",
    "type": "card",
    "parent": "p1-cube-pile",
    "deck": "player-cube-deck",
    "cardType": "player-cube-type-ltblue",
    "z": 6
  },
  "p1-cube-07": {
    "id": "p1-cube-07",
    "type": "card",
    "parent": "p1-cube-pile",
    "deck": "player-cube-deck",
    "cardType": "player-cube-type-ltblue",
    "z": 7
  },
  "p1-cube-08": {
    "id": "p1-cube-08",
    "type": "card",
    "parent": "p1-cube-pile",
    "deck": "player-cube-deck",
    "cardType": "player-cube-type-ltblue",
    "z": 8
  },
  "p1-cube-09": {
    "id": "p1-cube-09",
    "type": "card",
    "parent": "p1-cube-pile",
    "deck": "player-cube-deck",
    "cardType": "player-cube-type-ltblue",
    "z": 9
  },
  "p1-cube-10": {
    "id": "p1-cube-10",
    "type": "card",
    "parent": "p1-cube-pile",
    "deck": "player-cube-deck",
    "cardType": "player-cube-type-ltblue",
    "z": 10
  },
  "p1-cube-11": {
    "id": "p1-cube-11",
    "type": "card",
    "parent": "p1-cube-pile",
    "deck": "player-cube-deck",
    "cardType": "player-cube-type-ltblue",
    "z": 11
  },
  "p1-cube-12": {
    "id": "p1-cube-12",
    "type": "card",
    "parent": "p1-cube-pile",
    "deck": "player-cube-deck",
    "cardType": "player-cube-type-ltblue",
    "z": 12
  },
  "p1-cube-13": {
    "id": "p1-cube-13",
    "type": "card",
    "parent": "p1-cube-pile",
    "deck": "player-cube-deck",
    "cardType": "player-cube-type-ltblue",
    "z": 13
  },
  "p1-cube-14": {
    "id": "p1-cube-14",
    "type": "card",
    "parent": "p1-cube-pile",
    "deck": "player-cube-deck",
    "cardType": "player-cube-type-ltblue",
    "z": 14
  },
  "p1-cube-15": {
    "id": "p1-cube-15",
    "type": "card",
    "parent": "p1-cube-pile",
    "deck": "player-cube-deck",
    "cardType": "player-cube-type-ltblue",
    "z": 15
  },
  "p1-cube-16": {
    "id": "p1-cube-16",
    "type": "card",
    "parent": "p1-cube-pile",
    "deck": "player-cube-deck",
    "cardType": "player-cube-type-ltblue",
    "z": 16
  },
  "p1-cube-17": {
    "id": "p1-cube-17",
    "type": "card",
    "parent": "p1-cube-pile",
    "deck": "player-cube-deck",
    "cardType": "player-cube-type-ltblue",
    "z": 17
  },
  "p1-cube-18": {
    "id": "p1-cube-18",
    "type": "card",
    "parent": "p1-cube-pile",
    "deck": "player-cube-deck",
    "cardType": "player-cube-type-ltblue",
    "z": 18
  },
  "p1-cube-19": {
    "id": "p1-cube-19",
    "type": "card",
    "parent": "p1-cube-pile",
    "deck": "player-cube-deck",
    "cardType": "player-cube-type-ltblue",
    "z": 19
  },
  "p1-cube-20": {
    "id": "p1-cube-20",
    "type": "card",
    "parent": "p1-cube-pile",
    "deck": "player-cube-deck",
    "cardType": "player-cube-type-ltblue",
    "z": 20
  },
  "p1-cube-21": {
    "id": "p1-cube-21",
    "type": "card",
    "parent": "p1-cube-pile",
    "deck": "player-cube-deck",
    "cardType": "player-cube-type-ltblue",
    "z": 21
  },
  "p1-cube-22": {
    "id": "p1-cube-22",
    "type": "card",
    "parent": "p1-cube-pile",
    "deck": "player-cube-deck",
    "cardType": "player-cube-type-ltblue",
    "z": 22
  },
  "p1-cube-23": {
    "id": "p1-cube-23",
    "type": "card",
    "parent": "p1-cube-pile",
    "deck": "player-cube-deck",
    "cardType": "player-cube-type-ltblue",
    "z": 23
  },
  "p1-cube-24": {
    "id": "p1-cube-24",
    "type": "card",
    "parent": "p1-cube-pile",
    "deck": "player-cube-deck",
    "cardType": "player-cube-type-ltblue",
    "z": 24
  },
  "p1-cube-25": {
    "id": "p1-cube-25",
    "type": "card",
    "parent": "p1-cube-pile",
    "deck": "player-cube-deck",
    "cardType": "player-cube-type-ltblue",
    "z": 25
  },
  "p1-coin-pile": {
    "id": "p1-coin-pile",
    "type": "pile",
    "parent": "p1-area",
    "x": 225,
    "y": 50
  },
  "p1-played": {
    "id": "p1-played",
    "type": "holder",
    "parent": "p1-area",
    "x": 530,
    "y": 10,
    "width": 100,
    "height": 148,
    "dropOffsetX": 0,
    "dropOffsetY": 0,
    "dropTarget": {
      "deck": "cards-action-deck"
    },
    "onEnter": {
      "activeFace": 1
    }
  },
  "p2-area": {
    "id": "p2-area",
    "inheritFrom": "p1-area",
    "linkedToSeat": "p2-seat",
    "y": 170
  },
  "p2-seat": {
    "id": "p2-seat",
    "type": "seat",
    "parent": "p2-area",
    "inheritFrom": {
      "p1-seat": [
        "x",
        "y",
        "height",
        "width",
        "hideWhenUnused",
        "hand",
        "clickRoutine"
      ]
    },
    "index": 2
  },
  "p2-score": {
    "id": "p2-score",
    "type": "label",
    "parent": "p2-area",
    "inheritFrom": "p1-score",
    "text": 10
  },
  "p2-score-dec": {
    "id": "p2-score-dec",
    "type": "button",
    "parent": "p2-score",
    "inheritFrom": "p1-score-dec"
  },
  "p2-score-inc": {
    "id": "p2-score-inc",
    "type": "button",
    "parent": "p2-score",
    "inheritFrom": "p1-score-inc"
  },
  "p2-hand-counter-left": {
    "id": "p2-hand-counter-left",
    "parent": "p2-area",
    "inheritFrom": "p1-hand-counter-left"
  },
  "p2-hand-counter-right": {
    "id": "p2-hand-counter-right",
    "parent": "p2-area",
    "inheritFrom": "p1-hand-counter-right"
  },
  "p2-cube-holder": {
    "id": "p2-cube-holder",
    "type": "holder",
    "parent": "p2-area",
    "inheritFrom": "p1-cube-holder"
  },
  "p2-cube-pile": {
    "id": "p2-cube-pile",
    "type": "pile",
    "parent": "p2-cube-holder",
    "x": 0,
    "y": 0
  },
  "p2-cube-01": {
    "id": "p2-cube-01",
    "type": "card",
    "parent": "p2-cube-pile",
    "deck": "player-cube-deck",
    "cardType": "player-cube-type-purple",
    "z": 1
  },
  "p2-cube-02": {
    "id": "p2-cube-02",
    "type": "card",
    "parent": "p2-cube-pile",
    "deck": "player-cube-deck",
    "cardType": "player-cube-type-purple",
    "z": 2
  },
  "p2-cube-03": {
    "id": "p2-cube-03",
    "type": "card",
    "parent": "p2-cube-pile",
    "deck": "player-cube-deck",
    "cardType": "player-cube-type-purple",
    "z": 3
  },
  "p2-cube-04": {
    "id": "p2-cube-04",
    "type": "card",
    "parent": "p2-cube-pile",
    "deck": "player-cube-deck",
    "cardType": "player-cube-type-purple",
    "z": 4
  },
  "p2-cube-05": {
    "id": "p2-cube-05",
    "type": "card",
    "parent": "p2-cube-pile",
    "deck": "player-cube-deck",
    "cardType": "player-cube-type-purple",
    "z": 5
  },
  "p2-cube-06": {
    "id": "p2-cube-06",
    "type": "card",
    "parent": "p2-cube-pile",
    "deck": "player-cube-deck",
    "cardType": "player-cube-type-purple",
    "z": 6
  },
  "p2-cube-07": {
    "id": "p2-cube-07",
    "type": "card",
    "parent": "p2-cube-pile",
    "deck": "player-cube-deck",
    "cardType": "player-cube-type-purple",
    "z": 7
  },
  "p2-cube-08": {
    "id": "p2-cube-08",
    "type": "card",
    "parent": "p2-cube-pile",
    "deck": "player-cube-deck",
    "cardType": "player-cube-type-purple",
    "z": 8
  },
  "p2-cube-09": {
    "id": "p2-cube-09",
    "type": "card",
    "parent": "p2-cube-pile",
    "deck": "player-cube-deck",
    "cardType": "player-cube-type-purple",
    "z": 9
  },
  "p2-cube-10": {
    "id": "p2-cube-10",
    "type": "card",
    "parent": "p2-cube-pile",
    "deck": "player-cube-deck",
    "cardType": "player-cube-type-purple",
    "z": 10
  },
  "p2-cube-11": {
    "id": "p2-cube-11",
    "type": "card",
    "parent": "p2-cube-pile",
    "deck": "player-cube-deck",
    "cardType": "player-cube-type-purple",
    "z": 11
  },
  "p2-cube-12": {
    "id": "p2-cube-12",
    "type": "card",
    "parent": "p2-cube-pile",
    "deck": "player-cube-deck",
    "cardType": "player-cube-type-purple",
    "z": 12
  },
  "p2-cube-13": {
    "id": "p2-cube-13",
    "type": "card",
    "parent": "p2-cube-pile",
    "deck": "player-cube-deck",
    "cardType": "player-cube-type-purple",
    "z": 13
  },
  "p2-cube-14": {
    "id": "p2-cube-14",
    "type": "card",
    "parent": "p2-cube-pile",
    "deck": "player-cube-deck",
    "cardType": "player-cube-type-purple",
    "z": 14
  },
  "p2-cube-15": {
    "id": "p2-cube-15",
    "type": "card",
    "parent": "p2-cube-pile",
    "deck": "player-cube-deck",
    "cardType": "player-cube-type-purple",
    "z": 15
  },
  "p2-cube-16": {
    "id": "p2-cube-16",
    "type": "card",
    "parent": "p2-cube-pile",
    "deck": "player-cube-deck",
    "cardType": "player-cube-type-purple",
    "z": 16
  },
  "p2-cube-17": {
    "id": "p2-cube-17",
    "type": "card",
    "parent": "p2-cube-pile",
    "deck": "player-cube-deck",
    "cardType": "player-cube-type-purple",
    "z": 17
  },
  "p2-cube-18": {
    "id": "p2-cube-18",
    "type": "card",
    "parent": "p2-cube-pile",
    "deck": "player-cube-deck",
    "cardType": "player-cube-type-purple",
    "z": 18
  },
  "p2-cube-19": {
    "id": "p2-cube-19",
    "type": "card",
    "parent": "p2-cube-pile",
    "deck": "player-cube-deck",
    "cardType": "player-cube-type-purple",
    "z": 19
  },
  "p2-cube-20": {
    "id": "p2-cube-20",
    "type": "card",
    "parent": "p2-cube-pile",
    "deck": "player-cube-deck",
    "cardType": "player-cube-type-purple",
    "z": 20
  },
  "p2-cube-21": {
    "id": "p2-cube-21",
    "type": "card",
    "parent": "p2-cube-pile",
    "deck": "player-cube-deck",
    "cardType": "player-cube-type-purple",
    "z": 21
  },
  "p2-cube-22": {
    "id": "p2-cube-22",
    "type": "card",
    "parent": "p2-cube-pile",
    "deck": "player-cube-deck",
    "cardType": "player-cube-type-purple",
    "z": 22
  },
  "p2-cube-23": {
    "id": "p2-cube-23",
    "type": "card",
    "parent": "p2-cube-pile",
    "deck": "player-cube-deck",
    "cardType": "player-cube-type-purple",
    "z": 23
  },
  "p2-cube-24": {
    "id": "p2-cube-24",
    "type": "card",
    "parent": "p2-cube-pile",
    "deck": "player-cube-deck",
    "cardType": "player-cube-type-purple",
    "z": 24
  },
  "p2-cube-25": {
    "id": "p2-cube-25",
    "type": "card",
    "parent": "p2-cube-pile",
    "deck": "player-cube-deck",
    "cardType": "player-cube-type-purple",
    "z": 25
  },
  "p2-coin-pile": {
    "id": "p2-coin-pile",
    "type": "pile",
    "parent": "p2-area",
    "x": 225,
    "y": 50
  },
  "p2-played": {
    "id": "p2-played",
    "type": "holder",
    "parent": "p2-area",
    "inheritFrom": "p1-played"
  },
  "p3-area": {
    "id": "p3-area",
    "inheritFrom": "p1-area",
    "linkedToSeat": "p3-seat",
    "y": 340
  },
  "p3-seat": {
    "id": "p3-seat",
    "type": "seat",
    "parent": "p3-area",
    "inheritFrom": {
      "p1-seat": [
        "x",
        "y",
        "height",
        "width",
        "hideWhenUnused",
        "hand",
        "clickRoutine"
      ]
    },
    "index": 3
  },
  "p3-score": {
    "id": "p3-score",
    "type": "label",
    "parent": "p3-area",
    "inheritFrom": "p1-score",
    "text": 10
  },
  "p3-score-dec": {
    "id": "p3-score-dec",
    "type": "button",
    "parent": "p3-score",
    "inheritFrom": "p1-score-dec"
  },
  "p3-score-inc": {
    "id": "p3-score-inc",
    "type": "button",
    "parent": "p3-score",
    "inheritFrom": "p1-score-inc"
  },
  "p3-hand-counter-left": {
    "id": "p3-hand-counter-left",
    "parent": "p3-area",
    "inheritFrom": "p1-hand-counter-left"
  },
  "p3-hand-counter-right": {
    "id": "p3-hand-counter-right",
    "parent": "p3-area",
    "inheritFrom": "p1-hand-counter-right"
  },
  "p3-cube-holder": {
    "id": "p3-cube-holder",
    "type": "holder",
    "parent": "p3-area",
    "inheritFrom": "p1-cube-holder"
  },
  "p3-cube-pile": {
    "id": "p3-cube-pile",
    "type": "pile",
    "parent": "p3-cube-holder",
    "x": 0,
    "y": 0
  },
  "p3-cube-01": {
    "id": "p3-cube-01",
    "type": "card",
    "parent": "p3-cube-pile",
    "deck": "player-cube-deck",
    "cardType": "player-cube-type-orange",
    "z": 1
  },
  "p3-cube-02": {
    "id": "p3-cube-02",
    "type": "card",
    "parent": "p3-cube-pile",
    "deck": "player-cube-deck",
    "cardType": "player-cube-type-orange",
    "z": 2
  },
  "p3-cube-03": {
    "id": "p3-cube-03",
    "type": "card",
    "parent": "p3-cube-pile",
    "deck": "player-cube-deck",
    "cardType": "player-cube-type-orange",
    "z": 3
  },
  "p3-cube-04": {
    "id": "p3-cube-04",
    "type": "card",
    "parent": "p3-cube-pile",
    "deck": "player-cube-deck",
    "cardType": "player-cube-type-orange",
    "z": 4
  },
  "p3-cube-05": {
    "id": "p3-cube-05",
    "type": "card",
    "parent": "p3-cube-pile",
    "deck": "player-cube-deck",
    "cardType": "player-cube-type-orange",
    "z": 5
  },
  "p3-cube-06": {
    "id": "p3-cube-06",
    "type": "card",
    "parent": "p3-cube-pile",
    "deck": "player-cube-deck",
    "cardType": "player-cube-type-orange",
    "z": 6
  },
  "p3-cube-07": {
    "id": "p3-cube-07",
    "type": "card",
    "parent": "p3-cube-pile",
    "deck": "player-cube-deck",
    "cardType": "player-cube-type-orange",
    "z": 7
  },
  "p3-cube-08": {
    "id": "p3-cube-08",
    "type": "card",
    "parent": "p3-cube-pile",
    "deck": "player-cube-deck",
    "cardType": "player-cube-type-orange",
    "z": 8
  },
  "p3-cube-09": {
    "id": "p3-cube-09",
    "type": "card",
    "parent": "p3-cube-pile",
    "deck": "player-cube-deck",
    "cardType": "player-cube-type-orange",
    "z": 9
  },
  "p3-cube-10": {
    "id": "p3-cube-10",
    "type": "card",
    "parent": "p3-cube-pile",
    "deck": "player-cube-deck",
    "cardType": "player-cube-type-orange",
    "z": 10
  },
  "p3-cube-11": {
    "id": "p3-cube-11",
    "type": "card",
    "parent": "p3-cube-pile",
    "deck": "player-cube-deck",
    "cardType": "player-cube-type-orange",
    "z": 11
  },
  "p3-cube-12": {
    "id": "p3-cube-12",
    "type": "card",
    "parent": "p3-cube-pile",
    "deck": "player-cube-deck",
    "cardType": "player-cube-type-orange",
    "z": 12
  },
  "p3-cube-13": {
    "id": "p3-cube-13",
    "type": "card",
    "parent": "p3-cube-pile",
    "deck": "player-cube-deck",
    "cardType": "player-cube-type-orange",
    "z": 13
  },
  "p3-cube-14": {
    "id": "p3-cube-14",
    "type": "card",
    "parent": "p3-cube-pile",
    "deck": "player-cube-deck",
    "cardType": "player-cube-type-orange",
    "z": 14
  },
  "p3-cube-15": {
    "id": "p3-cube-15",
    "type": "card",
    "parent": "p3-cube-pile",
    "deck": "player-cube-deck",
    "cardType": "player-cube-type-orange",
    "z": 15
  },
  "p3-cube-16": {
    "id": "p3-cube-16",
    "type": "card",
    "parent": "p3-cube-pile",
    "deck": "player-cube-deck",
    "cardType": "player-cube-type-orange",
    "z": 16
  },
  "p3-cube-17": {
    "id": "p3-cube-17",
    "type": "card",
    "parent": "p3-cube-pile",
    "deck": "player-cube-deck",
    "cardType": "player-cube-type-orange",
    "z": 17
  },
  "p3-cube-18": {
    "id": "p3-cube-18",
    "type": "card",
    "parent": "p3-cube-pile",
    "deck": "player-cube-deck",
    "cardType": "player-cube-type-orange",
    "z": 18
  },
  "p3-cube-19": {
    "id": "p3-cube-19",
    "type": "card",
    "parent": "p3-cube-pile",
    "deck": "player-cube-deck",
    "cardType": "player-cube-type-orange",
    "z": 19
  },
  "p3-cube-20": {
    "id": "p3-cube-20",
    "type": "card",
    "parent": "p3-cube-pile",
    "deck": "player-cube-deck",
    "cardType": "player-cube-type-orange",
    "z": 20
  },
  "p3-cube-21": {
    "id": "p3-cube-21",
    "type": "card",
    "parent": "p3-cube-pile",
    "deck": "player-cube-deck",
    "cardType": "player-cube-type-orange",
    "z": 21
  },
  "p3-cube-22": {
    "id": "p3-cube-22",
    "type": "card",
    "parent": "p3-cube-pile",
    "deck": "player-cube-deck",
    "cardType": "player-cube-type-orange",
    "z": 22
  },
  "p3-cube-23": {
    "id": "p3-cube-23",
    "type": "card",
    "parent": "p3-cube-pile",
    "deck": "player-cube-deck",
    "cardType": "player-cube-type-orange",
    "z": 23
  },
  "p3-cube-24": {
    "id": "p3-cube-24",
    "type": "card",
    "parent": "p3-cube-pile",
    "deck": "player-cube-deck",
    "cardType": "player-cube-type-orange",
    "z": 24
  },
  "p3-cube-25": {
    "id": "p3-cube-25",
    "type": "card",
    "parent": "p3-cube-pile",
    "deck": "player-cube-deck",
    "cardType": "player-cube-type-orange",
    "z": 25
  },
  "p3-coin-pile": {
    "id": "p3-coin-pile",
    "type": "pile",
    "parent": "p3-area",
    "x": 225,
    "y": 50
  },
  "p3-played": {
    "id": "p3-played",
    "type": "holder",
    "parent": "p3-area",
    "inheritFrom": "p1-played"
  },
  "p4-area": {
    "id": "p4-area",
    "inheritFrom": "p1-area",
    "linkedToSeat": "p4-seat",
    "y": 510
  },
  "p4-seat": {
    "id": "p4-seat",
    "type": "seat",
    "parent": "p4-area",
    "inheritFrom": {
      "p1-seat": [
        "x",
        "y",
        "height",
        "width",
        "hideWhenUnused",
        "hand",
        "clickRoutine"
      ]
    },
    "index": 4
  },
  "p4-score": {
    "id": "p4-score",
    "type": "label",
    "parent": "p4-area",
    "inheritFrom": "p1-score",
    "text": 10
  },
  "p4-score-dec": {
    "id": "p4-score-dec",
    "type": "button",
    "parent": "p4-score",
    "inheritFrom": "p1-score-dec"
  },
  "p4-score-inc": {
    "id": "p4-score-inc",
    "type": "button",
    "parent": "p4-score",
    "inheritFrom": "p1-score-inc"
  },
  "p4-hand-counter-left": {
    "id": "p4-hand-counter-left",
    "parent": "p4-area",
    "inheritFrom": "p1-hand-counter-left"
  },
  "p4-hand-counter-right": {
    "id": "p4-hand-counter-right",
    "parent": "p4-area",
    "inheritFrom": "p1-hand-counter-right"
  },
  "p4-cube-holder": {
    "id": "p4-cube-holder",
    "type": "holder",
    "parent": "p4-area",
    "inheritFrom": "p1-cube-holder"
  },
  "p4-cube-pile": {
    "id": "p4-cube-pile",
    "type": "pile",
    "parent": "p4-cube-holder",
    "x": 0,
    "y": 0
  },
  "p4-cube-01": {
    "id": "p4-cube-01",
    "type": "card",
    "parent": "p4-cube-pile",
    "deck": "player-cube-deck",
    "cardType": "player-cube-type-green",
    "z": 1
  },
  "p4-cube-02": {
    "id": "p4-cube-02",
    "type": "card",
    "parent": "p4-cube-pile",
    "deck": "player-cube-deck",
    "cardType": "player-cube-type-green",
    "z": 2
  },
  "p4-cube-03": {
    "id": "p4-cube-03",
    "type": "card",
    "parent": "p4-cube-pile",
    "deck": "player-cube-deck",
    "cardType": "player-cube-type-green",
    "z": 3
  },
  "p4-cube-04": {
    "id": "p4-cube-04",
    "type": "card",
    "parent": "p4-cube-pile",
    "deck": "player-cube-deck",
    "cardType": "player-cube-type-green",
    "z": 4
  },
  "p4-cube-05": {
    "id": "p4-cube-05",
    "type": "card",
    "parent": "p4-cube-pile",
    "deck": "player-cube-deck",
    "cardType": "player-cube-type-green",
    "z": 5
  },
  "p4-cube-06": {
    "id": "p4-cube-06",
    "type": "card",
    "parent": "p4-cube-pile",
    "deck": "player-cube-deck",
    "cardType": "player-cube-type-green",
    "z": 6
  },
  "p4-cube-07": {
    "id": "p4-cube-07",
    "type": "card",
    "parent": "p4-cube-pile",
    "deck": "player-cube-deck",
    "cardType": "player-cube-type-green",
    "z": 7
  },
  "p4-cube-08": {
    "id": "p4-cube-08",
    "type": "card",
    "parent": "p4-cube-pile",
    "deck": "player-cube-deck",
    "cardType": "player-cube-type-green",
    "z": 8
  },
  "p4-cube-09": {
    "id": "p4-cube-09",
    "type": "card",
    "parent": "p4-cube-pile",
    "deck": "player-cube-deck",
    "cardType": "player-cube-type-green",
    "z": 9
  },
  "p4-cube-10": {
    "id": "p4-cube-10",
    "type": "card",
    "parent": "p4-cube-pile",
    "deck": "player-cube-deck",
    "cardType": "player-cube-type-green",
    "z": 10
  },
  "p4-cube-11": {
    "id": "p4-cube-11",
    "type": "card",
    "parent": "p4-cube-pile",
    "deck": "player-cube-deck",
    "cardType": "player-cube-type-green",
    "z": 11
  },
  "p4-cube-12": {
    "id": "p4-cube-12",
    "type": "card",
    "parent": "p4-cube-pile",
    "deck": "player-cube-deck",
    "cardType": "player-cube-type-green",
    "z": 12
  },
  "p4-cube-13": {
    "id": "p4-cube-13",
    "type": "card",
    "parent": "p4-cube-pile",
    "deck": "player-cube-deck",
    "cardType": "player-cube-type-green",
    "z": 13
  },
  "p4-cube-14": {
    "id": "p4-cube-14",
    "type": "card",
    "parent": "p4-cube-pile",
    "deck": "player-cube-deck",
    "cardType": "player-cube-type-green",
    "z": 14
  },
  "p4-cube-15": {
    "id": "p4-cube-15",
    "type": "card",
    "parent": "p4-cube-pile",
    "deck": "player-cube-deck",
    "cardType": "player-cube-type-green",
    "z": 15
  },
  "p4-cube-16": {
    "id": "p4-cube-16",
    "type": "card",
    "parent": "p4-cube-pile",
    "deck": "player-cube-deck",
    "cardType": "player-cube-type-green",
    "z": 16
  },
  "p4-cube-17": {
    "id": "p4-cube-17",
    "type": "card",
    "parent": "p4-cube-pile",
    "deck": "player-cube-deck",
    "cardType": "player-cube-type-green",
    "z": 17
  },
  "p4-cube-18": {
    "id": "p4-cube-18",
    "type": "card",
    "parent": "p4-cube-pile",
    "deck": "player-cube-deck",
    "cardType": "player-cube-type-green",
    "z": 18
  },
  "p4-cube-19": {
    "id": "p4-cube-19",
    "type": "card",
    "parent": "p4-cube-pile",
    "deck": "player-cube-deck",
    "cardType": "player-cube-type-green",
    "z": 19
  },
  "p4-cube-20": {
    "id": "p4-cube-20",
    "type": "card",
    "parent": "p4-cube-pile",
    "deck": "player-cube-deck",
    "cardType": "player-cube-type-green",
    "z": 20
  },
  "p4-cube-21": {
    "id": "p4-cube-21",
    "type": "card",
    "parent": "p4-cube-pile",
    "deck": "player-cube-deck",
    "cardType": "player-cube-type-green",
    "z": 21
  },
  "p4-cube-22": {
    "id": "p4-cube-22",
    "type": "card",
    "parent": "p4-cube-pile",
    "deck": "player-cube-deck",
    "cardType": "player-cube-type-green",
    "z": 22
  },
  "p4-cube-23": {
    "id": "p4-cube-23",
    "type": "card",
    "parent": "p4-cube-pile",
    "deck": "player-cube-deck",
    "cardType": "player-cube-type-green",
    "z": 23
  },
  "p4-cube-24": {
    "id": "p4-cube-24",
    "type": "card",
    "parent": "p4-cube-pile",
    "deck": "player-cube-deck",
    "cardType": "player-cube-type-green",
    "z": 24
  },
  "p4-cube-25": {
    "id": "p4-cube-25",
    "type": "card",
    "parent": "p4-cube-pile",
    "deck": "player-cube-deck",
    "cardType": "player-cube-type-green",
    "z": 25
  },
  "p4-coin-pile": {
    "id": "p4-coin-pile",
    "type": "pile",
    "parent": "p4-area",
    "x": 225,
    "y": 50
  },
  "p4-played": {
    "id": "p4-played",
    "type": "holder",
    "parent": "p4-area",
    "inheritFrom": "p1-played"
  },
  "p5-area": {
    "id": "p5-area",
    "inheritFrom": "p1-area",
    "linkedToSeat": "p5-seat",
    "y": 680
  },
  "p5-seat": {
    "id": "p5-seat",
    "type": "seat",
    "parent": "p5-area",
    "inheritFrom": {
      "p1-seat": [
        "x",
        "y",
        "height",
        "width",
        "hideWhenUnused",
        "hand",
        "clickRoutine"
      ]
    },
    "index": 5
  },
  "p5-score": {
    "id": "p5-score",
    "type": "label",
    "parent": "p5-area",
    "inheritFrom": "p1-score",
    "text": 10
  },
  "p5-score-dec": {
    "id": "p5-score-dec",
    "type": "button",
    "parent": "p5-score",
    "inheritFrom": "p1-score-dec"
  },
  "p5-score-inc": {
    "id": "p5-score-inc",
    "type": "button",
    "parent": "p5-score",
    "inheritFrom": "p1-score-inc"
  },
  "p5-hand-counter-left": {
    "id": "p5-hand-counter-left",
    "parent": "p5-area",
    "inheritFrom": "p1-hand-counter-left"
  },
  "p5-hand-counter-right": {
    "id": "p5-hand-counter-right",
    "parent": "p5-area",
    "inheritFrom": "p1-hand-counter-right"
  },
  "p5-cube-holder": {
    "id": "p5-cube-holder",
    "type": "holder",
    "parent": "p5-area",
    "inheritFrom": "p1-cube-holder"
  },
  "p5-cube-pile": {
    "id": "p5-cube-pile",
    "type": "pile",
    "parent": "p5-cube-holder",
    "x": 0,
    "y": 0
  },
  "p5-cube-01": {
    "id": "p5-cube-01",
    "type": "card",
    "parent": "p5-cube-pile",
    "deck": "player-cube-deck",
    "cardType": "player-cube-type-yellow",
    "z": 1
  },
  "p5-cube-02": {
    "id": "p5-cube-02",
    "type": "card",
    "parent": "p5-cube-pile",
    "deck": "player-cube-deck",
    "cardType": "player-cube-type-yellow",
    "z": 2
  },
  "p5-cube-03": {
    "id": "p5-cube-03",
    "type": "card",
    "parent": "p5-cube-pile",
    "deck": "player-cube-deck",
    "cardType": "player-cube-type-yellow",
    "z": 3
  },
  "p5-cube-04": {
    "id": "p5-cube-04",
    "type": "card",
    "parent": "p5-cube-pile",
    "deck": "player-cube-deck",
    "cardType": "player-cube-type-yellow",
    "z": 4
  },
  "p5-cube-05": {
    "id": "p5-cube-05",
    "type": "card",
    "parent": "p5-cube-pile",
    "deck": "player-cube-deck",
    "cardType": "player-cube-type-yellow",
    "z": 5
  },
  "p5-cube-06": {
    "id": "p5-cube-06",
    "type": "card",
    "parent": "p5-cube-pile",
    "deck": "player-cube-deck",
    "cardType": "player-cube-type-yellow",
    "z": 6
  },
  "p5-cube-07": {
    "id": "p5-cube-07",
    "type": "card",
    "parent": "p5-cube-pile",
    "deck": "player-cube-deck",
    "cardType": "player-cube-type-yellow",
    "z": 7
  },
  "p5-cube-08": {
    "id": "p5-cube-08",
    "type": "card",
    "parent": "p5-cube-pile",
    "deck": "player-cube-deck",
    "cardType": "player-cube-type-yellow",
    "z": 8
  },
  "p5-cube-09": {
    "id": "p5-cube-09",
    "type": "card",
    "parent": "p5-cube-pile",
    "deck": "player-cube-deck",
    "cardType": "player-cube-type-yellow",
    "z": 9
  },
  "p5-cube-10": {
    "id": "p5-cube-10",
    "type": "card",
    "parent": "p5-cube-pile",
    "deck": "player-cube-deck",
    "cardType": "player-cube-type-yellow",
    "z": 10
  },
  "p5-cube-11": {
    "id": "p5-cube-11",
    "type": "card",
    "parent": "p5-cube-pile",
    "deck": "player-cube-deck",
    "cardType": "player-cube-type-yellow",
    "z": 11
  },
  "p5-cube-12": {
    "id": "p5-cube-12",
    "type": "card",
    "parent": "p5-cube-pile",
    "deck": "player-cube-deck",
    "cardType": "player-cube-type-yellow",
    "z": 12
  },
  "p5-cube-13": {
    "id": "p5-cube-13",
    "type": "card",
    "parent": "p5-cube-pile",
    "deck": "player-cube-deck",
    "cardType": "player-cube-type-yellow",
    "z": 13
  },
  "p5-cube-14": {
    "id": "p5-cube-14",
    "type": "card",
    "parent": "p5-cube-pile",
    "deck": "player-cube-deck",
    "cardType": "player-cube-type-yellow",
    "z": 14
  },
  "p5-cube-15": {
    "id": "p5-cube-15",
    "type": "card",
    "parent": "p5-cube-pile",
    "deck": "player-cube-deck",
    "cardType": "player-cube-type-yellow",
    "z": 15
  },
  "p5-cube-16": {
    "id": "p5-cube-16",
    "type": "card",
    "parent": "p5-cube-pile",
    "deck": "player-cube-deck",
    "cardType": "player-cube-type-yellow",
    "z": 16
  },
  "p5-cube-17": {
    "id": "p5-cube-17",
    "type": "card",
    "parent": "p5-cube-pile",
    "deck": "player-cube-deck",
    "cardType": "player-cube-type-yellow",
    "z": 17
  },
  "p5-cube-18": {
    "id": "p5-cube-18",
    "type": "card",
    "parent": "p5-cube-pile",
    "deck": "player-cube-deck",
    "cardType": "player-cube-type-yellow",
    "z": 18
  },
  "p5-cube-19": {
    "id": "p5-cube-19",
    "type": "card",
    "parent": "p5-cube-pile",
    "deck": "player-cube-deck",
    "cardType": "player-cube-type-yellow",
    "z": 19
  },
  "p5-cube-20": {
    "id": "p5-cube-20",
    "type": "card",
    "parent": "p5-cube-pile",
    "deck": "player-cube-deck",
    "cardType": "player-cube-type-yellow",
    "z": 20
  },
  "p5-cube-21": {
    "id": "p5-cube-21",
    "type": "card",
    "parent": "p5-cube-pile",
    "deck": "player-cube-deck",
    "cardType": "player-cube-type-yellow",
    "z": 21
  },
  "p5-cube-22": {
    "id": "p5-cube-22",
    "type": "card",
    "parent": "p5-cube-pile",
    "deck": "player-cube-deck",
    "cardType": "player-cube-type-yellow",
    "z": 22
  },
  "p5-cube-23": {
    "id": "p5-cube-23",
    "type": "card",
    "parent": "p5-cube-pile",
    "deck": "player-cube-deck",
    "cardType": "player-cube-type-yellow",
    "z": 23
  },
  "p5-cube-24": {
    "id": "p5-cube-24",
    "type": "card",
    "parent": "p5-cube-pile",
    "deck": "player-cube-deck",
    "cardType": "player-cube-type-yellow",
    "z": 24
  },
  "p5-cube-25": {
    "id": "p5-cube-25",
    "type": "card",
    "parent": "p5-cube-pile",
    "deck": "player-cube-deck",
    "cardType": "player-cube-type-yellow",
    "z": 25
  },
  "p5-coin-pile": {
    "id": "p5-coin-pile",
    "type": "pile",
    "parent": "p5-area",
    "x": 225,
    "y": 50
  },
  "p5-played": {
    "id": "p5-played",
    "type": "holder",
    "parent": "p5-area",
    "inheritFrom": "p1-played"
  },
  "hand-left": {
    "id": "hand-left",
    "type": "holder",
    "childrenPerOwner": true,
    "layer": -3,
    "x": 0,
    "y": 850,
    "width": 800,
    "height": 150,
    "dropOffsetX": 0,
    "dropOffsetY": 0,
    "stackOffsetX": 100,
    "stackOffsetY": 0,
    "dropTarget": {
      "deck": "cards-action-deck"
    },
    "onEnter": {
      "activeFace": 1
    },
    "onLeave": {
      "activeFace": 0
    },
    "getCounterRoutine": [
      "var playerNo = ${playerIx} + 1",
      "var label = 'p' + ${playerNo}",
      "var result = ${label} + '-hand-counter-left'"
    ],
    "countRoutine": [
      {
        "func": "FOREACH",
        "in": [
          "p1-seat",
          "p2-seat",
          "p3-seat",
          "p4-seat",
          "p5-seat"
        ],
        "loopRoutine": [
          {
            "func": "GET",
            "collection": [
              "${value}"
            ],
            "property": "player",
            "variable": "pID"
          },
          {
            "func": "SELECT",
            "property": "parent",
            "value": "${PROPERTY id}"
          },
          {
            "func": "SELECT",
            "source": "DEFAULT",
            "property": "owner",
            "value": "${pID}",
            "collection": "cardsInHand"
          },
          {
            "func": "COUNT",
            "collection": "cardsInHand"
          },
          {
            "func": "CALL",
            "routine": "getCounterRoutine",
            "arguments": {
              "playerIx": "${key}"
            },
            "variable": "labelName"
          },
          {
            "func": "LABEL",
            "collection": [
              "${labelName}"
            ],
            "value": "${COUNT}"
          }
        ]
      }
    ],
    "enterRoutine": [
      {
        "func": "CALL",
        "routine": "countRoutine"
      }
    ],
    "leaveRoutine": [
      {
        "func": "CALL",
        "routine": "countRoutine"
      }
    ]
  },
  "hand-right": {
    "id": "hand-right",
    "type": "holder",
    "inheritFrom": "hand-left",
    "x": 800,
    "y": 850,
    "getCounterRoutine": [
      "var playerNo = ${playerIx} + 1",
      "var label = 'p' + ${playerNo}",
      "var result = ${label} + '-hand-counter-right'"
    ]
  },
  "button-deal-hands": {
    "id": "button-deal-hands",
    "type": "button",
    "text": "DEAL HANDS",
    "x": 1420,
    "y": 30,
    "width": 80,
    "height": 80,
    "movable": false,
    "movableInEdit": true,
    "clickRoutine": [
      {
        "func": "SELECT",
        "type": "seat",
        "property": "player",
        "relation": "!=",
        "value": ""
      },
      {
        "func": "COUNT",
        "collection": "DEFAULT"
      },
      {
        "func": "IF",
        "operand1": "${COUNT}",
        "relation": "==",
        "operand2": 5,
        "thenRoutine": [
          "var cardsToDeal = 5"
        ],
        "elseRoutine": [
          {
            "func": "IF",
            "operand1": "${COUNT}",
            "relation": "==",
            "operand2": 4,
            "thenRoutine": [
              "var cardsToDeal = 6"
            ],
            "elseRoutine": [
              "var cardsToDeal = 8"
            ]
          }
        ]
      },
      {
        "func": "SHUFFLE",
        "holder": "cards-action-holder"
      },
      {
        "func": "FOREACH",
        "loopRoutine": [
          {
            "func": "MOVE",
            "count": "${cardsToDeal}",
            "from": "cards-action-holder",
            "to": "${widgetID}"
          }
        ]
      },
      {
        "func": "SORT",
        "holder": "hand-right",
        "key": "cardType"
      }
    ]
  },
  "button-pass-right-hands": {
    "id": "button-pass-right-hands",
    "type": "button",
    "text": "PASS RIGHT HANDS",
    "x": 1510,
    "y": 30,
    "width": 80,
    "height": 80,
    "movable": false,
    "movableInEdit": true,
    "clickRoutine": [
      {
        "func": "SELECT",
        "type": "seat",
        "property": "player",
        "relation": "!=",
        "value": ""
      },
      {
        "func": "GET",
        "aggregation": "array",
        "property": "index",
        "variable": "activeIndex"
      },
      {
        "func": "GET",
        "aggregation": "array",
        "property": "player",
        "variable": "activeOwner"
      },
      "var length = ${activeIndex} length",
      {
        "func": "FOREACH",
        "in": "${activeIndex}",
        "loopRoutine": [
          "var thisIndex = ${activeIndex.$key}",
          "var thisOwner = ${activeOwner.$key}",
          "var playerDesc = 'p' + ${thisIndex}",
          "var tempPlace = playerDesc + '-score'",
          {
            "func": "SELECT",
            "property": "owner",
            "value": "${thisOwner}"
          },
          {
            "func": "SELECT",
            "property": "parent",
            "value": "hand-right"
          },
          {
            "func": "SET",
            "property": "parent",
            "value": "${tempPlace}"
          }
        ]
      },
      {
        "func": "CALL",
        "routine": "passDownRoutine"
      }
    ],
    "passDownRoutine": [
      {
        "func": "FOREACH",
        "in": "${activeIndex}",
        "loopRoutine": [
          "var thisIndex = ${activeIndex.$key}",
          "var thisOwner = ${activeOwner.$key}",
          "var playerDesc = 'p' + ${thisIndex}",
          "var tempPlace = playerDesc + '-score'",
          "var newKey = ${key} + 1",
          {
            "func": "IF",
            "operand1": "${newKey}",
            "operand2": "${length}",
            "relation": "==",
            "thenRoutine": [
              "var newKey = 0"
            ]
          },
          "var newOwner = ${activeOwner.$newKey}",
          {
            "func": "SELECT",
            "type": "card",
            "property": "parent",
            "value": "${tempPlace}"
          },
          {
            "func": "SELECT",
            "source": "DEFAULT",
            "property": "owner",
            "value": "${thisOwner}"
          },
          {
            "func": "SET",
            "property": "parent",
            "value": "hand-right"
          },
          {
            "func": "SET",
            "property": "owner",
            "value": "${newOwner}"
          },
          {
            "func": "SORT",
            "holder": "hand-right",
            "key": "cardType"
          }
        ]
      }
    ]
  },
  "cards-action-holder": {
    "id": "cards-action-holder",
    "type": "holder",
    "x": 1300,
    "y": 11,
    "height": 148,
    "width": 100,
    "dropOffsetX": 0,
    "dropOffsetY": 0,
    "dropTarget": {
      "deck": "cards-action-deck"
    },
    "onEnter": {
      "activeFace": 0
    }
  },
  "cards-action-discard": {
    "id": "cards-action-discard",
    "type": "holder",
    "x": 1185,
    "y": 11,
    "inheritFrom": "cards-action-holder",
    "onEnter": {
      "activeFace": 1
    }
  },
  "cards-action-deck": {
    "id": "cards-action-deck",
    "type": "deck",
    "parent": "cards-action-holder",
    "x": 4,
    "y": 4,
    "cardTypes": {
      "cardtype-action-01": {
        "image": "https://raw.githubusercontent.com/andypymont/vtt-games/main/brian-boru/assets/card-action-01.svg"
      },
      "cardtype-action-02": {
        "image": "https://raw.githubusercontent.com/andypymont/vtt-games/main/brian-boru/assets/card-action-02.svg"
      },
      "cardtype-action-03": {
        "image": "https://raw.githubusercontent.com/andypymont/vtt-games/main/brian-boru/assets/card-action-03.svg"
      },
      "cardtype-action-04": {
        "image": "https://raw.githubusercontent.com/andypymont/vtt-games/main/brian-boru/assets/card-action-04.svg"
      },
      "cardtype-action-05": {
        "image": "https://raw.githubusercontent.com/andypymont/vtt-games/main/brian-boru/assets/card-action-05.svg"
      },
      "cardtype-action-06": {
        "image": "https://raw.githubusercontent.com/andypymont/vtt-games/main/brian-boru/assets/card-action-06.svg"
      },
      "cardtype-action-07": {
        "image": "https://raw.githubusercontent.com/andypymont/vtt-games/main/brian-boru/assets/card-action-07.svg"
      },
      "cardtype-action-08": {
        "image": "https://raw.githubusercontent.com/andypymont/vtt-games/main/brian-boru/assets/card-action-08.svg"
      },
      "cardtype-action-09": {
        "image": "https://raw.githubusercontent.com/andypymont/vtt-games/main/brian-boru/assets/card-action-09.svg"
      },
      "cardtype-action-10": {
        "image": "https://raw.githubusercontent.com/andypymont/vtt-games/main/brian-boru/assets/card-action-10.svg"
      },
      "cardtype-action-11": {
        "image": "https://raw.githubusercontent.com/andypymont/vtt-games/main/brian-boru/assets/card-action-11.svg"
      },
      "cardtype-action-12": {
        "image": "https://raw.githubusercontent.com/andypymont/vtt-games/main/brian-boru/assets/card-action-12.svg"
      },
      "cardtype-action-13": {
        "image": "https://raw.githubusercontent.com/andypymont/vtt-games/main/brian-boru/assets/card-action-13.svg"
      },
      "cardtype-action-14": {
        "image": "https://raw.githubusercontent.com/andypymont/vtt-games/main/brian-boru/assets/card-action-14.svg"
      },
      "cardtype-action-15": {
        "image": "https://raw.githubusercontent.com/andypymont/vtt-games/main/brian-boru/assets/card-action-15.svg"
      },
      "cardtype-action-16": {
        "image": "https://raw.githubusercontent.com/andypymont/vtt-games/main/brian-boru/assets/card-action-16.svg"
      },
      "cardtype-action-17": {
        "image": "https://raw.githubusercontent.com/andypymont/vtt-games/main/brian-boru/assets/card-action-17.svg"
      },
      "cardtype-action-18": {
        "image": "https://raw.githubusercontent.com/andypymont/vtt-games/main/brian-boru/assets/card-action-18.svg"
      },
      "cardtype-action-19": {
        "image": "https://raw.githubusercontent.com/andypymont/vtt-games/main/brian-boru/assets/card-action-19.svg"
      },
      "cardtype-action-20": {
        "image": "https://raw.githubusercontent.com/andypymont/vtt-games/main/brian-boru/assets/card-action-20.svg"
      },
      "cardtype-action-21": {
        "image": "https://raw.githubusercontent.com/andypymont/vtt-games/main/brian-boru/assets/card-action-21.svg"
      },
      "cardtype-action-22": {
        "image": "https://raw.githubusercontent.com/andypymont/vtt-games/main/brian-boru/assets/card-action-22.svg"
      },
      "cardtype-action-23": {
        "image": "https://raw.githubusercontent.com/andypymont/vtt-games/main/brian-boru/assets/card-action-23.svg"
      },
      "cardtype-action-24": {
        "image": "https://raw.githubusercontent.com/andypymont/vtt-games/main/brian-boru/assets/card-action-24.svg"
      },
      "cardtype-action-25": {
        "image": "https://raw.githubusercontent.com/andypymont/vtt-games/main/brian-boru/assets/card-action-25.svg"
      }
    },
    "faceTemplates": [
      {
        "border": false,
        "radius": false,
        "objects": [
          {
            "type": "image",
            "x": 0,
            "y": 0,
            "width": 100,
            "height": 148,
            "value": "https://raw.githubusercontent.com/andypymont/vtt-games/main/brian-boru/assets/card-action-back.svg",
            "color": "transparent"
          }
        ]
      },
      {
        "border": false,
        "radius": false,
        "objects": [
          {
            "type": "image",
            "x": 0,
            "y": 0,
            "width": 100,
            "height": 148,
            "dynamicProperties": {
              "value": "image"
            },
            "color": "transparent"
          }
        ]
      }
    ],
    "cardDefaults": {
      "width": 100,
      "height": 148,
      "enlarge": 2,
      "onPileCreation": {
        "onlyPileWith": "card-action"
      }
    }
  },
  "cards-action-pile": {
    "id": "cards-action-pile",
    "type": "pile",
    "parent": "cards-action-holder",
    "x": 0,
    "y": 0,
    "width": 100,
    "height": 148
  },
  "cards-action-01": {
    "id": "cards-action-01",
    "type": "card",
    "deck": "cards-action-deck",
    "cardType": "cardtype-action-01",
    "z": 25,
    "parent": "cards-action-pile"
  },
  "cards-action-02": {
    "id": "cards-action-02",
    "type": "card",
    "deck": "cards-action-deck",
    "cardType": "cardtype-action-02",
    "z": 24,
    "parent": "cards-action-pile"
  },
  "cards-action-03": {
    "id": "cards-action-03",
    "type": "card",
    "deck": "cards-action-deck",
    "cardType": "cardtype-action-03",
    "z": 23,
    "parent": "cards-action-pile"
  },
  "cards-action-04": {
    "id": "cards-action-04",
    "type": "card",
    "deck": "cards-action-deck",
    "cardType": "cardtype-action-04",
    "z": 22,
    "parent": "cards-action-pile"
  },
  "cards-action-05": {
    "id": "cards-action-05",
    "type": "card",
    "deck": "cards-action-deck",
    "cardType": "cardtype-action-05",
    "z": 21,
    "parent": "cards-action-pile"
  },
  "cards-action-06": {
    "id": "cards-action-06",
    "type": "card",
    "deck": "cards-action-deck",
    "cardType": "cardtype-action-06",
    "z": 20,
    "parent": "cards-action-pile"
  },
  "cards-action-07": {
    "id": "cards-action-07",
    "type": "card",
    "deck": "cards-action-deck",
    "cardType": "cardtype-action-07",
    "z": 19,
    "parent": "cards-action-pile"
  },
  "cards-action-08": {
    "id": "cards-action-08",
    "type": "card",
    "deck": "cards-action-deck",
    "cardType": "cardtype-action-08",
    "z": 18,
    "parent": "cards-action-pile"
  },
  "cards-action-09": {
    "id": "cards-action-09",
    "type": "card",
    "deck": "cards-action-deck",
    "cardType": "cardtype-action-09",
    "z": 17,
    "parent": "cards-action-pile"
  },
  "cards-action-10": {
    "id": "cards-action-10",
    "type": "card",
    "deck": "cards-action-deck",
    "cardType": "cardtype-action-10",
    "z": 16,
    "parent": "cards-action-pile"
  },
  "cards-action-11": {
    "id": "cards-action-11",
    "type": "card",
    "deck": "cards-action-deck",
    "cardType": "cardtype-action-11",
    "z": 15,
    "parent": "cards-action-pile"
  },
  "cards-action-12": {
    "id": "cards-action-12",
    "type": "card",
    "deck": "cards-action-deck",
    "cardType": "cardtype-action-12",
    "z": 14,
    "parent": "cards-action-pile"
  },
  "cards-action-13": {
    "id": "cards-action-13",
    "type": "card",
    "deck": "cards-action-deck",
    "cardType": "cardtype-action-13",
    "z": 13,
    "parent": "cards-action-pile"
  },
  "cards-action-14": {
    "id": "cards-action-14",
    "type": "card",
    "deck": "cards-action-deck",
    "cardType": "cardtype-action-14",
    "z": 12,
    "parent": "cards-action-pile"
  },
  "cards-action-15": {
    "id": "cards-action-15",
    "type": "card",
    "deck": "cards-action-deck",
    "cardType": "cardtype-action-15",
    "z": 11,
    "parent": "cards-action-pile"
  },
  "cards-action-16": {
    "id": "cards-action-16",
    "type": "card",
    "deck": "cards-action-deck",
    "cardType": "cardtype-action-16",
    "z": 10,
    "parent": "cards-action-pile"
  },
  "cards-action-17": {
    "id": "cards-action-17",
    "type": "card",
    "deck": "cards-action-deck",
    "cardType": "cardtype-action-17",
    "z": 9,
    "parent": "cards-action-pile"
  },
  "cards-action-18": {
    "id": "cards-action-18",
    "type": "card",
    "deck": "cards-action-deck",
    "cardType": "cardtype-action-18",
    "z": 8,
    "parent": "cards-action-pile"
  },
  "cards-action-19": {
    "id": "cards-action-19",
    "type": "card",
    "deck": "cards-action-deck",
    "cardType": "cardtype-action-19",
    "z": 7,
    "parent": "cards-action-pile"
  },
  "cards-action-20": {
    "id": "cards-action-20",
    "type": "card",
    "deck": "cards-action-deck",
    "cardType": "cardtype-action-20",
    "z": 6,
    "parent": "cards-action-pile"
  },
  "cards-action-21": {
    "id": "cards-action-21",
    "type": "card",
    "deck": "cards-action-deck",
    "cardType": "cardtype-action-21",
    "z": 5,
    "parent": "cards-action-pile"
  },
  "cards-action-22": {
    "id": "cards-action-22",
    "type": "card",
    "deck": "cards-action-deck",
    "cardType": "cardtype-action-22",
    "z": 4,
    "parent": "cards-action-pile"
  },
  "cards-action-23": {
    "id": "cards-action-23",
    "type": "card",
    "deck": "cards-action-deck",
    "cardType": "cardtype-action-23",
    "z": 3,
    "parent": "cards-action-pile"
  },
  "cards-action-24": {
    "id": "cards-action-24",
    "type": "card",
    "deck": "cards-action-deck",
    "cardType": "cardtype-action-24",
    "z": 2,
    "parent": "cards-action-pile"
  },
  "cards-action-25": {
    "id": "cards-action-25",
    "type": "card",
    "deck": "cards-action-deck",
    "cardType": "cardtype-action-25",
    "z": 1,
    "parent": "cards-action-pile"
  },
  "player-cube-deck": {
    "id": "player-cube-deck",
    "type": "deck",
    "parent": "p1-cube-holder",
    "x": 0,
    "y": 0,
    "cardTypes": {
      "player-cube-type-ltblue": {
        "image": "https://raw.githubusercontent.com/andypymont/vtt-games/main/brian-boru/assets/player-cube-ltblue.svg",
        "onPileCreation": {
          "onlyPileWith": "player-cube-type-ltblue"
        }
      },
      "player-cube-type-purple": {
        "image": "https://raw.githubusercontent.com/andypymont/vtt-games/main/brian-boru/assets/player-cube-purple.svg",
        "onPileCreation": {
          "onlyPileWith": "player-cube-type-purple"
        }
      },
      "player-cube-type-orange": {
        "image": "https://raw.githubusercontent.com/andypymont/vtt-games/main/brian-boru/assets/player-cube-orange.svg",
        "onPileCreation": {
          "onlyPileWith": "player-cube-type-orange"
        }
      },
      "player-cube-type-green": {
        "image": "https://raw.githubusercontent.com/andypymont/vtt-games/main/brian-boru/assets/player-cube-green.svg",
        "onPileCreation": {
          "onlyPileWith": "player-cube-type-green"
        }
      },
      "player-cube-type-yellow": {
        "image": "https://raw.githubusercontent.com/andypymont/vtt-games/main/brian-boru/assets/player-cube-yellow.svg",
        "onPileCreation": {
          "onlyPileWith": "player-cube-type-yellow"
        }
      }
    },
    "faceTemplates": [
      {
        "border": false,
        "radius": false,
        "objects": [
          {
            "type": "image",
            "x": 0,
            "y": 0,
            "width": 24,
            "height": 24,
            "dynamicProperties": {
              "value": "image"
            },
            "color": "transparent"
          }
        ]
      }
    ],
    "cardDefaults": {
      "width": 24,
      "height": 24
    }
  },
  "token-coin-holder": {
    "id": "token-coin-holder",
    "type": "holder",
    "x": 660,
    "y": 25,
    "width": 30,
    "height": 30,
    "dropOffsetX": 0,
    "dropOffsetY": 0,
    "dropTarget": {
      "deck": "token-deck",
      "cardType": "tokentype-coin"
    }
  },
  "token-coin-pile": {
    "id": "token-coin-pile",
    "type": "pile",
    "parent": "token-coin-holder",
    "x": 0,
    "y": 0,
    "width": 30,
    "height": 30
  },
  "token-coin-01": {
    "id": "token-coin-01",
    "type": "card",
    "parent": "p1-coin-pile",
    "deck": "token-deck",
    "cardType": "tokentype-coin",
    "z": 1
  },
  "token-coin-02": {
    "id": "token-coin-02",
    "type": "card",
    "parent": "p1-coin-pile",
    "deck": "token-deck",
    "cardType": "tokentype-coin",
    "z": 2
  },
  "token-coin-03": {
    "id": "token-coin-03",
    "type": "card",
    "parent": "p1-coin-pile",
    "deck": "token-deck",
    "cardType": "tokentype-coin",
    "z": 3
  },
  "token-coin-04": {
    "id": "token-coin-04",
    "type": "card",
    "parent": "p2-coin-pile",
    "deck": "token-deck",
    "cardType": "tokentype-coin",
    "z": 4
  },
  "token-coin-05": {
    "id": "token-coin-05",
    "type": "card",
    "parent": "p2-coin-pile",
    "deck": "token-deck",
    "cardType": "tokentype-coin",
    "z": 5
  },
  "token-coin-06": {
    "id": "token-coin-06",
    "type": "card",
    "parent": "p2-coin-pile",
    "deck": "token-deck",
    "cardType": "tokentype-coin",
    "z": 6
  },
  "token-coin-07": {
    "id": "token-coin-07",
    "type": "card",
    "parent": "p3-coin-pile",
    "deck": "token-deck",
    "cardType": "tokentype-coin",
    "z": 7
  },
  "token-coin-08": {
    "id": "token-coin-08",
    "type": "card",
    "parent": "p3-coin-pile",
    "deck": "token-deck",
    "cardType": "tokentype-coin",
    "z": 8
  },
  "token-coin-09": {
    "id": "token-coin-09",
    "type": "card",
    "parent": "p3-coin-pile",
    "deck": "token-deck",
    "cardType": "tokentype-coin",
    "z": 9
  },
  "token-coin-10": {
    "id": "token-coin-10",
    "type": "card",
    "parent": "p4-coin-pile",
    "deck": "token-deck",
    "cardType": "tokentype-coin",
    "z": 10
  },
  "token-coin-11": {
    "id": "token-coin-11",
    "type": "card",
    "parent": "p4-coin-pile",
    "deck": "token-deck",
    "cardType": "tokentype-coin",
    "z": 11
  },
  "token-coin-12": {
    "id": "token-coin-12",
    "type": "card",
    "parent": "p4-coin-pile",
    "deck": "token-deck",
    "cardType": "tokentype-coin",
    "z": 12
  },
  "token-coin-13": {
    "id": "token-coin-13",
    "type": "card",
    "parent": "p5-coin-pile",
    "deck": "token-deck",
    "cardType": "tokentype-coin",
    "z": 13
  },
  "token-coin-14": {
    "id": "token-coin-14",
    "type": "card",
    "parent": "p5-coin-pile",
    "deck": "token-deck",
    "cardType": "tokentype-coin",
    "z": 14
  },
  "token-coin-15": {
    "id": "token-coin-15",
    "type": "card",
    "parent": "p5-coin-pile",
    "deck": "token-deck",
    "cardType": "tokentype-coin",
    "z": 15
  },
  "token-coin-16": {
    "id": "token-coin-16",
    "type": "card",
    "parent": "token-coin-pile",
    "deck": "token-deck",
    "cardType": "tokentype-coin",
    "z": 16
  },
  "token-coin-17": {
    "id": "token-coin-17",
    "type": "card",
    "parent": "token-coin-pile",
    "deck": "token-deck",
    "cardType": "tokentype-coin",
    "z": 17
  },
  "token-coin-18": {
    "id": "token-coin-18",
    "type": "card",
    "parent": "token-coin-pile",
    "deck": "token-deck",
    "cardType": "tokentype-coin",
    "z": 18
  },
  "token-coin-19": {
    "id": "token-coin-19",
    "type": "card",
    "parent": "token-coin-pile",
    "deck": "token-deck",
    "cardType": "tokentype-coin",
    "z": 19
  },
  "token-coin-20": {
    "id": "token-coin-20",
    "type": "card",
    "parent": "token-coin-pile",
    "deck": "token-deck",
    "cardType": "tokentype-coin",
    "z": 20
  },
  "token-coin-21": {
    "id": "token-coin-21",
    "type": "card",
    "parent": "token-coin-pile",
    "deck": "token-deck",
    "cardType": "tokentype-coin",
    "z": 21
  },
  "token-coin-22": {
    "id": "token-coin-22",
    "type": "card",
    "parent": "token-coin-pile",
    "deck": "token-deck",
    "cardType": "tokentype-coin",
    "z": 22
  },
  "token-coin-23": {
    "id": "token-coin-23",
    "type": "card",
    "parent": "token-coin-pile",
    "deck": "token-deck",
    "cardType": "tokentype-coin",
    "z": 23
  },
  "token-coin-24": {
    "id": "token-coin-24",
    "type": "card",
    "parent": "token-coin-pile",
    "deck": "token-deck",
    "cardType": "tokentype-coin",
    "z": 24
  },
  "token-coin-25": {
    "id": "token-coin-25",
    "type": "card",
    "parent": "token-coin-pile",
    "deck": "token-deck",
    "cardType": "tokentype-coin",
    "z": 25
  },
  "token-coin-26": {
    "id": "token-coin-26",
    "type": "card",
    "parent": "token-coin-pile",
    "deck": "token-deck",
    "cardType": "tokentype-coin",
    "z": 26
  },
  "token-coin-27": {
    "id": "token-coin-27",
    "type": "card",
    "parent": "token-coin-pile",
    "deck": "token-deck",
    "cardType": "tokentype-coin",
    "z": 27
  },
  "token-coin-28": {
    "id": "token-coin-28",
    "type": "card",
    "parent": "token-coin-pile",
    "deck": "token-deck",
    "cardType": "tokentype-coin",
    "z": 28
  },
  "token-coin-29": {
    "id": "token-coin-29",
    "type": "card",
    "parent": "token-coin-pile",
    "deck": "token-deck",
    "cardType": "tokentype-coin",
    "z": 29
  },
  "token-coin-30": {
    "id": "token-coin-30",
    "type": "card",
    "parent": "token-coin-pile",
    "deck": "token-deck",
    "cardType": "tokentype-coin",
    "z": 30
  },
  "token-coin-31": {
    "id": "token-coin-31",
    "type": "card",
    "parent": "token-coin-pile",
    "deck": "token-deck",
    "cardType": "tokentype-coin",
    "z": 31
  },
  "token-coin-32": {
    "id": "token-coin-32",
    "type": "card",
    "parent": "token-coin-pile",
    "deck": "token-deck",
    "cardType": "tokentype-coin",
    "z": 32
  },
  "token-coin-33": {
    "id": "token-coin-33",
    "type": "card",
    "parent": "token-coin-pile",
    "deck": "token-deck",
    "cardType": "tokentype-coin",
    "z": 33
  },
  "token-coin-34": {
    "id": "token-coin-34",
    "type": "card",
    "parent": "token-coin-pile",
    "deck": "token-deck",
    "cardType": "tokentype-coin",
    "z": 34
  },
  "token-coin-35": {
    "id": "token-coin-35",
    "type": "card",
    "parent": "token-coin-pile",
    "deck": "token-deck",
    "cardType": "tokentype-coin",
    "z": 35
  },
  "token-coin-36": {
    "id": "token-coin-36",
    "type": "card",
    "parent": "token-coin-pile",
    "deck": "token-deck",
    "cardType": "tokentype-coin",
    "z": 36
  },
  "token-coin-37": {
    "id": "token-coin-37",
    "type": "card",
    "parent": "token-coin-pile",
    "deck": "token-deck",
    "cardType": "tokentype-coin",
    "z": 37
  },
  "token-coin-38": {
    "id": "token-coin-38",
    "type": "card",
    "parent": "token-coin-pile",
    "deck": "token-deck",
    "cardType": "tokentype-coin",
    "z": 38
  },
  "token-coin-39": {
    "id": "token-coin-39",
    "type": "card",
    "parent": "token-coin-pile",
    "deck": "token-deck",
    "cardType": "tokentype-coin",
    "z": 39
  },
  "token-coin-40": {
    "id": "token-coin-40",
    "type": "card",
    "parent": "token-coin-pile",
    "deck": "token-deck",
    "cardType": "tokentype-coin",
    "z": 40
  },
  "token-coin-41": {
    "id": "token-coin-41",
    "type": "card",
    "parent": "token-coin-pile",
    "deck": "token-deck",
    "cardType": "tokentype-coin",
    "z": 41
  },
  "token-coin-42": {
    "id": "token-coin-42",
    "type": "card",
    "parent": "token-coin-pile",
    "deck": "token-deck",
    "cardType": "tokentype-coin",
    "z": 42
  },
  "token-coin-43": {
    "id": "token-coin-43",
    "type": "card",
    "parent": "token-coin-pile",
    "deck": "token-deck",
    "cardType": "tokentype-coin",
    "z": 43
  },
  "token-coin-44": {
    "id": "token-coin-44",
    "type": "card",
    "parent": "token-coin-pile",
    "deck": "token-deck",
    "cardType": "tokentype-coin",
    "z": 44
  },
  "token-coin-45": {
    "id": "token-coin-45",
    "type": "card",
    "parent": "token-coin-pile",
    "deck": "token-deck",
    "cardType": "tokentype-coin",
    "z": 45
  },
  "token-coin-46": {
    "id": "token-coin-46",
    "type": "card",
    "parent": "token-coin-pile",
    "deck": "token-deck",
    "cardType": "tokentype-coin",
    "z": 46
  },
  "token-coin-47": {
    "id": "token-coin-47",
    "type": "card",
    "parent": "token-coin-pile",
    "deck": "token-deck",
    "cardType": "tokentype-coin",
    "z": 47
  },
  "token-coin-48": {
    "id": "token-coin-48",
    "type": "card",
    "parent": "token-coin-pile",
    "deck": "token-deck",
    "cardType": "tokentype-coin",
    "z": 48
  },
  "token-coin-49": {
    "id": "token-coin-49",
    "type": "card",
    "parent": "token-coin-pile",
    "deck": "token-deck",
    "cardType": "tokentype-coin",
    "z": 49
  },
  "token-coin-50": {
    "id": "token-coin-50",
    "type": "card",
    "parent": "token-coin-pile",
    "deck": "token-deck",
    "cardType": "tokentype-coin",
    "z": 50
  },
  "token-coin-51": {
    "id": "token-coin-51",
    "type": "card",
    "parent": "token-coin-pile",
    "deck": "token-deck",
    "cardType": "tokentype-coin",
    "z": 51
  },
  "token-coin-52": {
    "id": "token-coin-52",
    "type": "card",
    "parent": "token-coin-pile",
    "deck": "token-deck",
    "cardType": "tokentype-coin",
    "z": 52
  },
  "token-coin-53": {
    "id": "token-coin-53",
    "type": "card",
    "parent": "token-coin-pile",
    "deck": "token-deck",
    "cardType": "tokentype-coin",
    "z": 53
  },
  "token-coin-54": {
    "id": "token-coin-54",
    "type": "card",
    "parent": "token-coin-pile",
    "deck": "token-deck",
    "cardType": "tokentype-coin",
    "z": 54
  },
  "token-coin-55": {
    "id": "token-coin-55",
    "type": "card",
    "parent": "token-coin-pile",
    "deck": "token-deck",
    "cardType": "tokentype-coin",
    "z": 55
  },
  "token-coin-56": {
    "id": "token-coin-56",
    "type": "card",
    "parent": "token-coin-pile",
    "deck": "token-deck",
    "cardType": "tokentype-coin",
    "z": 56
  },
  "token-coin-57": {
    "id": "token-coin-57",
    "type": "card",
    "parent": "token-coin-pile",
    "deck": "token-deck",
    "cardType": "tokentype-coin",
    "z": 57
  },
  "token-coin-58": {
    "id": "token-coin-58",
    "type": "card",
    "parent": "token-coin-pile",
    "deck": "token-deck",
    "cardType": "tokentype-coin",
    "z": 58
  },
  "token-coin-59": {
    "id": "token-coin-59",
    "type": "card",
    "parent": "token-coin-pile",
    "deck": "token-deck",
    "cardType": "tokentype-coin",
    "z": 59
  },
  "token-coin-60": {
    "id": "token-coin-60",
    "type": "card",
    "parent": "token-coin-pile",
    "deck": "token-deck",
    "cardType": "tokentype-coin",
    "z": 60
  },
  "token-deck": {
    "id": "token-deck",
    "type": "deck",
    "parent": "token-coin-holder",
    "x": 0,
    "y": 0,
    "cardTypes": {
      "tokentype-axe": {
        "image": "https://raw.githubusercontent.com/andypymont/vtt-games/main/brian-boru/assets/token-axe.svg",
        "onPileCreation": {
          "onlyPileWith": "tokentype-axe"
        }
      },
      "tokentype-coin": {
        "image": "https://raw.githubusercontent.com/andypymont/vtt-games/main/brian-boru/assets/token-coin.svg",
        "onPileCreation": {
          "onlyPileWith": "tokentype-coin"
        }
      },
      "tokentype-renown": {
        "image": "https://raw.githubusercontent.com/andypymont/vtt-games/main/brian-boru/assets/token-renown.svg",
        "onPileCreation": {
          "onlyPileWith": "tokentype-renown"
        }
      },
      "tokentype-shield": {
        "image": "https://raw.githubusercontent.com/andypymont/vtt-games/main/brian-boru/assets/token-shield.svg",
        "onPileCreation": {
          "onlyPileWith": "tokentype-shield"
        }
      }
    },
    "faceTemplates": [
      {
        "border": false,
        "radius": false,
        "objects": [
          {
            "type": "image",
            "x": 0,
            "y": 0,
            "width": 30,
            "height": 30,
            "dynamicProperties": {
              "value": "image"
            },
            "color": "transparent"
          }
        ]
      }
    ],
    "cardDefaults": {
      "width": 30,
      "height": 30
    }
  },
  "token-renown-holder": {
    "id": "token-renown-holder",
    "type": "holder",
    "x": 660,
    "y": 70,
    "width": 30,
    "height": 30,
    "dropOffsetX": 0,
    "dropOffsetY": 0,
    "dropTarget": {
      "deck": "token-deck",
      "cardType": "tokentype-renown"
    }
  },
  "token-renown-pile": {
    "id": "token-renown-pile",
    "type": "pile",
    "parent": "token-renown-holder",
    "x": 0,
    "y": 0,
    "width": 30,
    "height": 30
  },
  "token-renown-01": {
    "id": "token-renown-01",
    "type": "card",
    "parent": "p1-area",
    "deck": "token-deck",
    "cardType": "tokentype-renown",
    "x": 225,
    "y": 90
  },
  "token-renown-02": {
    "id": "token-renown-02",
    "type": "card",
    "parent": "p2-area",
    "deck": "token-deck",
    "cardType": "tokentype-renown",
    "x": 225,
    "y": 90
  },
  "token-renown-03": {
    "id": "token-renown-03",
    "type": "card",
    "parent": "p3-area",
    "deck": "token-deck",
    "cardType": "tokentype-renown",
    "x": 225,
    "y": 90
  },
  "token-renown-04": {
    "id": "token-renown-04",
    "type": "card",
    "parent": "p4-area",
    "deck": "token-deck",
    "cardType": "tokentype-renown",
    "x": 225,
    "y": 90
  },
  "token-renown-05": {
    "id": "token-renown-05",
    "type": "card",
    "parent": "p5-area",
    "deck": "token-deck",
    "cardType": "tokentype-renown",
    "x": 225,
    "y": 90
  },
  "token-renown-06": {
    "id": "token-renown-06",
    "type": "card",
    "parent": "token-renown-pile",
    "deck": "token-deck",
    "cardType": "tokentype-renown",
    "z": 1
  },
  "token-renown-07": {
    "id": "token-renown-07",
    "type": "card",
    "parent": "token-renown-pile",
    "deck": "token-deck",
    "cardType": "tokentype-renown",
    "z": 2
  },
  "token-renown-08": {
    "id": "token-renown-08",
    "type": "card",
    "parent": "token-renown-pile",
    "deck": "token-deck",
    "cardType": "tokentype-renown",
    "z": 3
  },
  "token-renown-09": {
    "id": "token-renown-09",
    "type": "card",
    "parent": "token-renown-pile",
    "deck": "token-deck",
    "cardType": "tokentype-renown",
    "z": 4
  },
  "token-renown-10": {
    "id": "token-renown-10",
    "type": "card",
    "parent": "token-renown-pile",
    "deck": "token-deck",
    "cardType": "tokentype-renown",
    "z": 5
  },
  "token-renown-11": {
    "id": "token-renown-11",
    "type": "card",
    "parent": "token-renown-pile",
    "deck": "token-deck",
    "cardType": "tokentype-renown",
    "z": 6
  },
  "token-renown-12": {
    "id": "token-renown-12",
    "type": "card",
    "parent": "token-renown-pile",
    "deck": "token-deck",
    "cardType": "tokentype-renown",
    "z": 7
  },
  "token-renown-13": {
    "id": "token-renown-13",
    "type": "card",
    "parent": "token-renown-pile",
    "deck": "token-deck",
    "cardType": "tokentype-renown",
    "z": 8
  },
  "token-renown-14": {
    "id": "token-renown-14",
    "type": "card",
    "parent": "token-renown-pile",
    "deck": "token-deck",
    "cardType": "tokentype-renown",
    "z": 9
  },
  "token-shield-holder": {
    "id": "token-shield-holder",
    "type": "holder",
    "x": 720,
    "y": 25,
    "width": 30,
    "height": 30,
    "dropOffsetX": 0,
    "dropOffsetY": 0,
    "dropTarget": {
      "deck": "token-deck",
      "cardType": "tokentype-shield"
    }
  },
  "token-shield-pile": {
    "id": "token-shield-pile",
    "type": "pile",
    "parent": "token-shield-holder",
    "x": 0,
    "y": 0,
    "width": 30,
    "height": 30
  },
  "token-shield-01": {
    "id": "token-shield-01",
    "type": "card",
    "parent": "token-shield-pile",
    "deck": "token-deck",
    "cardType": "tokentype-shield",
    "z": 1
  },
  "token-shield-02": {
    "id": "token-shield-02",
    "type": "card",
    "parent": "token-shield-pile",
    "deck": "token-deck",
    "cardType": "tokentype-shield",
    "z": 2
  },
  "token-shield-03": {
    "id": "token-shield-03",
    "type": "card",
    "parent": "token-shield-pile",
    "deck": "token-deck",
    "cardType": "tokentype-shield",
    "z": 3
  },
  "token-shield-04": {
    "id": "token-shield-04",
    "type": "card",
    "parent": "token-shield-pile",
    "deck": "token-deck",
    "cardType": "tokentype-shield",
    "z": 4
  },
  "token-shield-05": {
    "id": "token-shield-05",
    "type": "card",
    "parent": "token-shield-pile",
    "deck": "token-deck",
    "cardType": "tokentype-shield",
    "z": 5
  },
  "token-shield-06": {
    "id": "token-shield-06",
    "type": "card",
    "parent": "token-shield-pile",
    "deck": "token-deck",
    "cardType": "tokentype-shield",
    "z": 6
  },
  "token-shield-07": {
    "id": "token-shield-07",
    "type": "card",
    "parent": "token-shield-pile",
    "deck": "token-deck",
    "cardType": "tokentype-shield",
    "z": 7
  },
  "token-shield-08": {
    "id": "token-shield-08",
    "type": "card",
    "parent": "token-shield-pile",
    "deck": "token-deck",
    "cardType": "tokentype-shield",
    "z": 8
  },
  "token-shield-09": {
    "id": "token-shield-09",
    "type": "card",
    "parent": "token-shield-pile",
    "deck": "token-deck",
    "cardType": "tokentype-shield",
    "z": 9
  },
  "token-shield-10": {
    "id": "token-shield-10",
    "type": "card",
    "parent": "token-shield-pile",
    "deck": "token-deck",
    "cardType": "tokentype-shield",
    "z": 10
  },
  "token-axe-holder": {
    "id": "token-axe-holder",
    "type": "holder",
    "x": 720,
    "y": 70,
    "width": 30,
    "height": 30,
    "dropOffsetX": 0,
    "dropOffsetY": 0,
    "dropTarget": {
      "deck": "token-deck",
      "cardType": "tokentype-axe"
    }
  },
  "token-axe-pile": {
    "id": "token-axe-pile",
    "type": "pile",
    "parent": "token-axe-holder",
    "x": 0,
    "y": 0,
    "width": 30,
    "height": 30
  },
  "token-axe-01": {
    "id": "token-axe-01",
    "type": "card",
    "parent": "token-axe-pile",
    "deck": "token-deck",
    "cardType": "tokentype-axe",
    "z": 1
  },
  "token-axe-02": {
    "id": "token-axe-02",
    "type": "card",
    "parent": "token-axe-pile",
    "deck": "token-deck",
    "cardType": "tokentype-axe",
    "z": 2
  },
  "token-axe-03": {
    "id": "token-axe-03",
    "type": "card",
    "parent": "token-axe-pile",
    "deck": "token-deck",
    "cardType": "tokentype-axe",
    "z": 3
  },
  "token-axe-04": {
    "id": "token-axe-04",
    "type": "card",
    "parent": "token-axe-pile",
    "deck": "token-deck",
    "cardType": "tokentype-axe",
    "z": 4
  },
  "token-axe-05": {
    "id": "token-axe-05",
    "type": "card",
    "parent": "token-axe-pile",
    "deck": "token-deck",
    "cardType": "tokentype-axe",
    "z": 5
  },
  "token-axe-06": {
    "id": "token-axe-06",
    "type": "card",
    "parent": "token-axe-pile",
    "deck": "token-deck",
    "cardType": "tokentype-axe",
    "z": 6
  },
  "token-axe-07": {
    "id": "token-axe-07",
    "type": "card",
    "parent": "token-axe-pile",
    "deck": "token-deck",
    "cardType": "tokentype-axe",
    "z": 7
  },
  "token-axe-08": {
    "id": "token-axe-08",
    "type": "card",
    "parent": "token-axe-pile",
    "deck": "token-deck",
    "cardType": "tokentype-axe",
    "z": 8
  },
  "token-axe-09": {
    "id": "token-axe-09",
    "type": "card",
    "parent": "token-axe-pile",
    "deck": "token-deck",
    "cardType": "tokentype-axe",
    "z": 9
  },
  "token-axe-10": {
    "id": "token-axe-10",
    "type": "card",
    "parent": "token-axe-pile",
    "deck": "token-deck",
    "cardType": "tokentype-axe",
    "z": 10
  },
  "token-axe-11": {
    "id": "token-axe-11",
    "type": "card",
    "parent": "token-axe-pile",
    "deck": "token-deck",
    "cardType": "tokentype-axe",
    "z": 11
  },
  "token-axe-12": {
    "id": "token-axe-12",
    "type": "card",
    "parent": "token-axe-pile",
    "deck": "token-deck",
    "cardType": "tokentype-axe",
    "z": 12
  },
  "token-axe-13": {
    "id": "token-axe-13",
    "type": "card",
    "parent": "token-axe-pile",
    "deck": "token-deck",
    "cardType": "tokentype-axe",
    "z": 13
  },
  "token-axe-14": {
    "id": "token-axe-14",
    "type": "card",
    "parent": "token-axe-pile",
    "deck": "token-deck",
    "cardType": "tokentype-axe",
    "z": 14
  },
  "token-axe-15": {
    "id": "token-axe-15",
    "type": "card",
    "parent": "token-axe-pile",
    "deck": "token-deck",
    "cardType": "tokentype-axe",
    "z": 15
  },
  "token-axe-16": {
    "id": "token-axe-16",
    "type": "card",
    "parent": "token-axe-pile",
    "deck": "token-deck",
    "cardType": "tokentype-axe",
    "z": 16
  },
  "token-axe-17": {
    "id": "token-axe-17",
    "type": "card",
    "parent": "token-axe-pile",
    "deck": "token-deck",
    "cardType": "tokentype-axe",
    "z": 17
  },
  "token-axe-18": {
    "id": "token-axe-18",
    "type": "card",
    "parent": "token-axe-pile",
    "deck": "token-deck",
    "cardType": "tokentype-axe",
    "z": 18
  },
  "token-axe-19": {
    "id": "token-axe-19",
    "type": "card",
    "parent": "token-axe-pile",
    "deck": "token-deck",
    "cardType": "tokentype-axe",
    "z": 19
  },
  "token-axe-20": {
    "id": "token-axe-20",
    "type": "card",
    "parent": "token-axe-pile",
    "deck": "token-deck",
    "cardType": "tokentype-axe",
    "z": 20
  },
  "token-axe-21": {
    "id": "token-axe-21",
    "type": "card",
    "parent": "token-axe-pile",
    "deck": "token-deck",
    "cardType": "tokentype-axe",
    "z": 21
  },
  "token-axe-22": {
    "id": "token-axe-22",
    "type": "card",
    "parent": "token-axe-pile",
    "deck": "token-deck",
    "cardType": "tokentype-axe",
    "z": 22
  },
  "token-axe-23": {
    "id": "token-axe-23",
    "type": "card",
    "parent": "token-axe-pile",
    "deck": "token-deck",
    "cardType": "tokentype-axe",
    "z": 23
  },
  "token-axe-24": {
    "id": "token-axe-24",
    "type": "card",
    "parent": "token-axe-pile",
    "deck": "token-deck",
    "cardType": "tokentype-axe",
    "z": 24
  },
  "token-axe-25": {
    "id": "token-axe-25",
    "type": "card",
    "parent": "token-axe-pile",
    "deck": "token-deck",
    "cardType": "tokentype-axe",
    "z": 25
  },
  "token-axe-26": {
    "id": "token-axe-26",
    "type": "card",
    "parent": "token-axe-pile",
    "deck": "token-deck",
    "cardType": "tokentype-axe",
    "z": 26
  },
  "token-axe-27": {
    "id": "token-axe-27",
    "type": "card",
    "parent": "token-axe-pile",
    "deck": "token-deck",
    "cardType": "tokentype-axe",
    "z": 27
  },
  "token-axe-28": {
    "id": "token-axe-28",
    "type": "card",
    "parent": "token-axe-pile",
    "deck": "token-deck",
    "cardType": "tokentype-axe",
    "z": 28
  },
  "token-axe-29": {
    "id": "token-axe-29",
    "type": "card",
    "parent": "token-axe-pile",
    "deck": "token-deck",
    "cardType": "tokentype-axe",
    "z": 29
  },
  "token-axe-30": {
    "id": "token-axe-30",
    "type": "card",
    "parent": "token-axe-pile",
    "deck": "token-deck",
    "cardType": "tokentype-axe",
    "z": 30
  },
  "token-monastery-holder": {
    "id": "token-monastery-holder",
    "type": "holder",
    "x": 779,
    "y": 57,
    "width": 36,
    "height": 45,
    "dropOffsetX": 0,
    "dropOffsetY": 0,
    "dropTarget": {
      "deck": "token-monastery-deck",
      "cardType": "tokentype-monastery"
    }
  },
  "token-monastery-deck": {
    "id": "token-monastery-deck",
    "type": "deck",
    "parent": "token-monastery-holder",
    "x": 0,
    "y": 0,
    "cardTypes": {
      "tokentype-monastery": {
        "image": "https://raw.githubusercontent.com/andypymont/vtt-games/main/brian-boru/assets/token-monastery.svg"
      }
    },
    "faceTemplates": [
      {
        "border": false,
        "radius": false,
        "objects": [
          {
            "type": "image",
            "x": 0,
            "y": 0,
            "width": 36,
            "height": 45,
            "value": "https://raw.githubusercontent.com/andypymont/vtt-games/main/brian-boru/assets/token-monastery.svg",
            "color": "transparent"
          }
        ]
      }
    ],
    "cardDefaults": {
      "width": 36,
      "height": 45
    }
  },
  "token-monastery-pile": {
    "id": "token-monastery-pile",
    "type": "pile",
    "parent": "token-monastery-holder",
    "x": 0,
    "y": 0,
    "width": 36,
    "height": 45
  },
  "token-monastery-01": {
    "id": "token-monastery-01",
    "type": "card",
    "parent": "token-monastery-pile",
    "deck": "token-monastery-deck",
    "cardType": "tokentype-monastery",
    "z": 1
  },
  "token-monastery-02": {
    "id": "token-monastery-02",
    "type": "card",
    "parent": "token-monastery-pile",
    "deck": "token-monastery-deck",
    "cardType": "tokentype-monastery",
    "z": 2
  },
  "token-monastery-03": {
    "id": "token-monastery-03",
    "type": "card",
    "parent": "token-monastery-pile",
    "deck": "token-monastery-deck",
    "cardType": "tokentype-monastery",
    "z": 3
  },
  "token-monastery-04": {
    "id": "token-monastery-04",
    "type": "card",
    "parent": "token-monastery-pile",
    "deck": "token-monastery-deck",
    "cardType": "tokentype-monastery",
    "z": 4
  },
  "token-monastery-05": {
    "id": "token-monastery-05",
    "type": "card",
    "parent": "token-monastery-pile",
    "deck": "token-monastery-deck",
    "cardType": "tokentype-monastery",
    "z": 5
  },
  "token-monastery-06": {
    "id": "token-monastery-06",
    "type": "card",
    "parent": "token-monastery-pile",
    "deck": "token-monastery-deck",
    "cardType": "tokentype-monastery",
    "z": 6
  },
  "token-monastery-07": {
    "id": "token-monastery-07",
    "type": "card",
    "parent": "token-monastery-pile",
    "deck": "token-monastery-deck",
    "cardType": "tokentype-monastery",
    "z": 7
  },
  "token-monastery-08": {
    "id": "token-monastery-08",
    "type": "card",
    "parent": "token-monastery-pile",
    "deck": "token-monastery-deck",
    "cardType": "tokentype-monastery",
    "z": 8
  },
  "token-monastery-09": {
    "id": "token-monastery-09",
    "type": "card",
    "parent": "token-monastery-pile",
    "deck": "token-monastery-deck",
    "cardType": "tokentype-monastery",
    "z": 9
  },
  "token-monastery-10": {
    "id": "token-monastery-10",
    "type": "card",
    "parent": "token-monastery-pile",
    "deck": "token-monastery-deck",
    "cardType": "tokentype-monastery",
    "z": 10
  },
  "token-monastery-11": {
    "id": "token-monastery-11",
    "type": "card",
    "parent": "token-monastery-pile",
    "deck": "token-monastery-deck",
    "cardType": "tokentype-monastery",
    "z": 11
  },
  "token-monastery-12": {
    "id": "token-monastery-12",
    "type": "card",
    "parent": "token-monastery-pile",
    "deck": "token-monastery-deck",
    "cardType": "tokentype-monastery",
    "z": 12
  },
  "token-monastery-13": {
    "id": "token-monastery-13",
    "type": "card",
    "parent": "token-monastery-pile",
    "deck": "token-monastery-deck",
    "cardType": "tokentype-monastery",
    "z": 13
  },
  "token-monastery-14": {
    "id": "token-monastery-14",
    "type": "card",
    "parent": "token-monastery-pile",
    "deck": "token-monastery-deck",
    "cardType": "tokentype-monastery",
    "z": 14
  },
  "token-monastery-15": {
    "id": "token-monastery-15",
    "type": "card",
    "parent": "token-monastery-pile",
    "deck": "token-monastery-deck",
    "cardType": "tokentype-monastery",
    "z": 15
  },
  "token-monastery-16": {
    "id": "token-monastery-16",
    "type": "card",
    "parent": "token-monastery-pile",
    "deck": "token-monastery-deck",
    "cardType": "tokentype-monastery",
    "z": 16
  },
  "token-active-city": {
    "id": "token-active-city",
    "x": 715,
    "y": 115,
    "width": 40,
    "height": 40,
    "image": "https://raw.githubusercontent.com/andypymont/vtt-games/main/brian-boru/assets/token-active.svg"
  },
  "cards-viking-holder": {
    "id": "cards-viking-holder",
    "type": "holder",
    "x": 955,
    "y": 11,
    "height": 148,
    "width": 100,
    "dropOffsetX": 0,
    "dropOffsetY": 0,
    "dropTarget": {
      "deck": "cards-viking-deck"
    },
    "onEnter": {
      "activeFace": 0
    }
  },
  "cards-viking-discard": {
    "id": "cards-viking-discard",
    "type": "holder",
    "x": 840,
    "y": 11,
    "height": 148,
    "width": 100,
    "dropOffsetX": 0,
    "dropOffsetY": 0,
    "dropTarget": {
      "deck": "cards-viking-deck"
    },
    "onEnter": {
      "activeFace": 1
    }
  },
  "cards-viking-deck": {
    "id": "cards-viking-deck",
    "type": "deck",
    "parent": "cards-viking-holder",
    "x": 4,
    "y": 4,
    "cardTypes": {
      "cardtype-viking-09": {
        "image": "https://raw.githubusercontent.com/andypymont/vtt-games/main/brian-boru/assets/card-viking-09.svg"
      },
      "cardtype-viking-10": {
        "image": "https://raw.githubusercontent.com/andypymont/vtt-games/main/brian-boru/assets/card-viking-10.svg"
      },
      "cardtype-viking-11": {
        "image": "https://raw.githubusercontent.com/andypymont/vtt-games/main/brian-boru/assets/card-viking-11.svg"
      },
      "cardtype-viking-12": {
        "image": "https://raw.githubusercontent.com/andypymont/vtt-games/main/brian-boru/assets/card-viking-12.svg"
      },
      "cardtype-viking-13": {
        "image": "https://raw.githubusercontent.com/andypymont/vtt-games/main/brian-boru/assets/card-viking-13.svg"
      },
      "cardtype-viking-14": {
        "image": "https://raw.githubusercontent.com/andypymont/vtt-games/main/brian-boru/assets/card-viking-14.svg"
      }
    },
    "faceTemplates": [
      {
        "border": false,
        "radius": false,
        "objects": [
          {
            "type": "image",
            "x": 0,
            "y": 0,
            "width": 100,
            "height": 148,
            "value": "https://raw.githubusercontent.com/andypymont/vtt-games/main/brian-boru/assets/card-viking-back.svg",
            "color": "transparent"
          }
        ]
      },
      {
        "border": false,
        "radius": false,
        "objects": [
          {
            "type": "image",
            "x": 0,
            "y": 0,
            "width": 100,
            "height": 148,
            "dynamicProperties": {
              "value": "image"
            },
            "color": "transparent"
          }
        ]
      }
    ],
    "cardDefaults": {
      "width": 100,
      "height": 148,
      "onPileCreation": {
        "onlyPileWith": "card-viking"
      }
    }
  },
  "cards-viking-pile": {
    "id": "cards-viking-pile",
    "type": "pile",
    "parent": "cards-viking-holder",
    "x": 0,
    "y": 0,
    "width": 100,
    "height": 148
  },
  "cards-viking-09": {
    "id": "cards-viking-09",
    "type": "card",
    "deck": "cards-viking-deck",
    "cardType": "cardtype-viking-09",
    "z": 7,
    "parent": "cards-viking-pile"
  },
  "cards-viking-10": {
    "id": "cards-viking-10",
    "type": "card",
    "deck": "cards-viking-deck",
    "cardType": "cardtype-viking-10",
    "z": 6,
    "parent": "cards-viking-pile"
  },
  "cards-viking-11": {
    "id": "cards-viking-11",
    "type": "card",
    "deck": "cards-viking-deck",
    "cardType": "cardtype-viking-11",
    "z": 5,
    "parent": "cards-viking-pile"
  },
  "cards-viking-12-1": {
    "id": "cards-viking-12-1",
    "type": "card",
    "deck": "cards-viking-deck",
    "cardType": "cardtype-viking-12",
    "z": 4,
    "parent": "cards-viking-pile"
  },
  "cards-viking-12-2": {
    "id": "cards-viking-12-2",
    "type": "card",
    "deck": "cards-viking-deck",
    "cardType": "cardtype-viking-12",
    "z": 3,
    "parent": "cards-viking-pile"
  },
  "cards-viking-13": {
    "id": "cards-viking-13",
    "type": "card",
    "deck": "cards-viking-deck",
    "cardType": "cardtype-viking-13",
    "z": 2,
    "parent": "cards-viking-pile"
  },
  "cards-viking-14": {
    "id": "cards-viking-14",
    "type": "card",
    "deck": "cards-viking-deck",
    "cardType": "cardtype-viking-14",
    "z": 1,
    "parent": "cards-viking-pile"
  },
  "cards-marriage-holder": {
    "id": "cards-marriage-holder",
    "type": "holder",
    "x": 1070,
    "y": 11,
    "height": 148,
    "width": 100,
    "dropOffsetX": 0,
    "dropOffsetY": 0,
    "dropTarget": {
      "deck": "cards-marriage-deck"
    },
    "onEnter": {
      "activeFace": 0
    }
  },
  "cards-marriage-holder-draw": {
    "id": "cards-marriage-holder-draw",
    "type": "holder",
    "inheritFrom": "card-marriage-holder",
    "x": 750,
    "y": 500
  },
  "cards-marriage-holder-current": {
    "id": "cards-marriage-holder-current",
    "type": "holder",
    "inheritFrom": "card-marriage-holder",
    "x": 750,
    "y": 660,
    "onEnter": {
      "activeFace": 1
    }
  },
  "cards-marriage-deck": {
    "id": "cards-marriage-deck",
    "type": "deck",
    "parent": "cards-marriage-holder",
    "x": 4,
    "y": 4,
    "cardTypes": {
      "cardtype-marriage-aodhán": {
        "image": "https://raw.githubusercontent.com/andypymont/vtt-games/main/brian-boru/assets/card-marriage-aodhán.svg",
        "back": "https://raw.githubusercontent.com/andypymont/vtt-games/main/brian-boru/assets/card-marriage-back.svg"
      },
      "cardtype-marriage-aoife": {
        "image": "https://raw.githubusercontent.com/andypymont/vtt-games/main/brian-boru/assets/card-marriage-aoife.svg",
        "back": "https://raw.githubusercontent.com/andypymont/vtt-games/main/brian-boru/assets/card-marriage-back.svg"
      },
      "cardtype-marriage-brigid": {
        "image": "https://raw.githubusercontent.com/andypymont/vtt-games/main/brian-boru/assets/card-marriage-brigid.svg",
        "back": "https://raw.githubusercontent.com/andypymont/vtt-games/main/brian-boru/assets/card-marriage-back.svg"
      },
      "cardtype-marriage-conall": {
        "image": "https://raw.githubusercontent.com/andypymont/vtt-games/main/brian-boru/assets/card-marriage-conall.svg",
        "back": "https://raw.githubusercontent.com/andypymont/vtt-games/main/brian-boru/assets/card-marriage-back.svg"
      },
      "cardtype-marriage-cormac": {
        "image": "https://raw.githubusercontent.com/andypymont/vtt-games/main/brian-boru/assets/card-marriage-cormac.svg",
        "back": "https://raw.githubusercontent.com/andypymont/vtt-games/main/brian-boru/assets/card-marriage-back.svg"
      },
      "cardtype-marriage-niall": {
        "image": "https://raw.githubusercontent.com/andypymont/vtt-games/main/brian-boru/assets/card-marriage-niall.svg",
        "back": "https://raw.githubusercontent.com/andypymont/vtt-games/main/brian-boru/assets/card-marriage-back.svg"
      },
      "cardtype-marriage-orlaith": {
        "image": "https://raw.githubusercontent.com/andypymont/vtt-games/main/brian-boru/assets/card-marriage-orlaith.svg",
        "back": "https://raw.githubusercontent.com/andypymont/vtt-games/main/brian-boru/assets/card-marriage-back.svg"
      },
      "cardtype-marriage-estrid": {
        "image": "https://raw.githubusercontent.com/andypymont/vtt-games/main/brian-boru/assets/card-marriage-estrid-1.svg",
        "back": "https://raw.githubusercontent.com/andypymont/vtt-games/main/brian-boru/assets/card-marriage-estrid-2.svg"
      }
    },
    "faceTemplates": [
      {
        "border": false,
        "radius": false,
        "objects": [
          {
            "type": "image",
            "x": 0,
            "y": 0,
            "width": 100,
            "height": 148,
            "dynamicProperties": {
              "value": "back"
            },
            "color": "transparent"
          }
        ]
      },
      {
        "border": false,
        "radius": false,
        "objects": [
          {
            "type": "image",
            "x": 0,
            "y": 0,
            "width": 100,
            "height": 148,
            "dynamicProperties": {
              "value": "image"
            },
            "color": "transparent"
          }
        ]
      }
    ],
    "cardDefaults": {
      "width": 100,
      "height": 148,
      "onPileCreation": {
        "onlyPileWith": "card-marriage"
      }
    }
  },
  "cards-marriage-pile": {
    "id": "cards-marriage-pile",
    "type": "pile",
    "parent": "cards-marriage-holder",
    "x": 0,
    "y": 0,
    "width": 100,
    "height": 148
  },
  "card-marriage-aodhán": {
    "id": "card-marriage-aodhán",
    "type": "card",
    "deck": "cards-marriage-deck",
    "cardType": "cardtype-marriage-aodhán",
    "z": 7,
    "parent": "cards-marriage-pile"
  },
  "card-marriage-aoife": {
    "id": "card-marriage-aoife",
    "type": "card",
    "deck": "cards-marriage-deck",
    "cardType": "cardtype-marriage-aoife",
    "z": 6,
    "parent": "cards-marriage-pile"
  },
  "card-marriage-brigid": {
    "id": "card-marriage-brigid",
    "type": "card",
    "deck": "cards-marriage-deck",
    "cardType": "cardtype-marriage-brigid",
    "z": 5,
    "parent": "cards-marriage-pile"
  },
  "card-marriage-conall": {
    "id": "card-marriage-conall",
    "type": "card",
    "deck": "cards-marriage-deck",
    "cardType": "cardtype-marriage-conall",
    "z": 4,
    "parent": "cards-marriage-pile"
  },
  "card-marriage-cormac": {
    "id": "card-marriage-cormac",
    "type": "card",
    "deck": "cards-marriage-deck",
    "cardType": "cardtype-marriage-cormac",
    "z": 3,
    "parent": "cards-marriage-pile"
  },
  "card-marriage-niall": {
    "id": "card-marriage-niall",
    "type": "card",
    "deck": "cards-marriage-deck",
    "cardType": "cardtype-marriage-niall",
    "z": 2,
    "parent": "cards-marriage-pile"
  },
  "card-marriage-orlaith": {
    "id": "card-marriage-orlaith",
    "type": "card",
    "deck": "cards-marriage-deck",
    "cardType": "cardtype-marriage-orlaith",
    "z": 1,
    "parent": "cards-marriage-pile"
  },
  "card-marriage-estrid": {
    "id": "card-marriage-estrid",
    "type": "card",
    "deck": "cards-marriage-deck",
    "cardType": "cardtype-marriage-estrid",
    "z": 0,
    "parent": "cards-marriage-holder-draw"
  }
}
